"""Auto-generated bitmap — do not edit. Re-run tools/optimize_assets.py."""
W = 160
H = 120
DATA = (
    b'\x3d\x8f\x3d\x8f\x3d\x8f\x3d\x8f\x3d\x8f\x3d\x8f\x3d\x8f\x3d\x8f\x3d\x8f\x3d\x8f\x3d\x8f\x3d\x8f\x3d\x8f\x3d\x8f\x3d\x8f\x3d\x8f'
    b'\x3d\x8f\x3d\x8f\x3d\x8f\x3d\x8f\x3d\x8f\x3d\x8f\x3d\x8f\x3d\x8f\x3d\x8f\x3d\x8f\x3d\x8f\x3d\x8f\x3d\x8f\x3d\x8f\x3d\x8f\x3d\x8f'
    b'\x3d\x8f\x3d\x8f\x3d\x8f\x3d\x8f\x3d\x8f\x3d\x8f\x3d\x8f\x3d\x8f\x3d\x8f\x3d\x8f\x3d\x8f\x3d\x8f\x3d\x8f\x3d\x8f\x3d\x8f\x3d\x8f'
    b'\x3d\x8f\x3d\x8f\x3d\x8f\x3d\x8f\x3d\x8f\x3d\x8f\x3d\x8f\x3d\x8f\x3d\x8f\x3d\x8f\x3d\x8f\x3d\x8f\x3d\x8f\x3d\x8f\x3d\x8f\x3d\x8f'
    b'\x3d\x8f\x3d\x8f\x3d\x8f\x3d\x8f\x3d\x8f\x3d\x8f\x3d\x8f\x3d\x8f\x3d\x8f\x3d\x8f\x3d\x8f\x3d\x8f\x3d\x8f\x3d\x8f\x3d\x8f\x3d\x8f'
    b'\x3d\x8f\x3d\x8f\x3d\x8f\x3d\x8f\x3d\x8f\x3d\x8f\x3d\x8f\x3d\x8f\x3d\x8f\x3d\x8f\x3d\x8f\x3d\x8f\x3d\x8f\x3d\x8f\x3d\x8f\x3d\x8f'
    b'\x3d\x8f\x3d\x8f\x3d\x8f\x3d\x8f\x3d\x8f\x3d\x8f\x3d\x8f\x3d\x8f\x3d\x8f\x3d\x8f\x3d\x8f\x3d\x8f\x3d\x8f\x3d\x8f\x3d\x8f\x3d\x8f'
    b'\x3d\x8f\x3d\x8f\x3d\x8f\x3d\x8f\x3d\x8f\x3d\x8f\x3d\x8f\x3d\x8f\x3d\x8f\x3d\x8f\x3d\x8f\x3d\x8f\x3d\x8f\x3d\x8f\x3d\x8f\x3d\x8f'
    b'\x3d\x8f\x3d\x8f\x3d\x8f\x3d\x8f\x3d\x8f\x3d\x8f\x3d\x8f\x3d\x8f\x3d\x8f\x3d\x8f\x3d\x8f\x3d\x8f\x3d\x8f\x3d\x8f\x3d\x8f\x3d\x8f'
    b'\x3d\x8f\x3d\x8f\x3d\x8f\x3d\x8f\x3d\x8f\x3d\x8f\x3d\x8f\x3d\x8f\x3d\x8f\x3d\x8f\x3d\x8f\x3d\x8f\x3d\x8f\x3d\x8f\x3d\x8f\x3d\x8f'
    b'\x3d\x8f\x3d\x8f\x3d\x8f\x3d\x8f\x3d\x8f\x3d\x8f\x3d\x8f\x3d\x8f\x3d\x8f\x3d\x8f\x3d\x8f\x3d\x8f\x3d\x8f\x3d\x8f\x3d\x8f\x3d\x8f'
    b'\x3d\x8f\x3d\x8f\x3d\x8f\x3d\x8f\x3d\x8f\x3d\x8f\x3d\x8f\x3d\x8f\x3d\x8f\x3d\x8f\x3d\x8f\x3d\x8f\x3d\x8f\x3d\x8f\x3d\x8f\x3d\x8f'
    b'\x3d\x8f\x3d\x8f\x3d\x8f\x3d\x8f\x3d\x8f\x3d\x8f\x3d\x8f\x3d\x8f\x3d\x8f\x3d\x8f\x3d\x8f\x3d\x8f\x3d\x8f\x3d\x8f\x3d\x8f\x3d\x8f'
    b'\x3d\x8f\x3d\x8f\x3d\x8f\x3d\x8f\x3d\x8f\x3d\x8f\x3d\x8f\x3d\x8f\x3d\x8f\x3d\x8f\x3d\x8f\x3d\x8f\x3d\x8f\x3d\x8f\x3d\x8f\x3d\x8f'
    b'\x3d\x8f\x3d\x8f\x3d\x8f\x3d\x8f\x3d\x8f\x3d\x8f\x3d\x8f\x3d\x8f\x3d\x8f\x3d\x8f\x3d\x8f\x3d\x8f\x3d\x8f\x3d\x8f\x3d\x8f\x3d\x8f'
    b'\x3d\x8f\x3d\x8f\x3d\x8f\x3d\x8f\x3d\x8f\x3d\x8f\x3d\x8f\x3d\x8f\x3d\x8f\x3d\x8f\x3d\x8f\x3d\x8f\x3d\x8f\x3d\x8f\x3d\x8f\x3d\x8f'
    b'\x3d\x8f\x3d\x8f\x3d\x8f\x3d\x8f\x3d\x8f\x3d\x8f\x3d\x8f\x3d\x8f\x3d\x8f\x3d\x8f\x3d\x8f\x3d\x8f\x3d\x8f\x3d\x8f\x3d\x8f\x3d\x8f'
    b'\x3d\x8f\x3d\x8f\x3d\x8f\x3d\x8f\x3d\x8f\x3d\x8f\x3d\x8f\x3d\x8f\x3d\x8f\x3d\x8f\x3d\x8f\x3d\x8f\x3d\x8f\x3d\x8f\x3d\x8f\x3d\x8f'
    b'\x3d\x8f\x3d\x8f\x3d\x8f\x3d\x8f\x3d\x8f\x3d\x8f\x3d\x8f\x3d\x8f\x3d\x8f\x3d\x8f\x3d\x8f\x3d\x8f\x3d\x8f\x3d\x8f\x3d\x8f\x3d\x8f'
    b'\x3d\x8f\x3d\x8f\x3d\x8f\x3d\x8f\x3d\x8f\x3d\x8f\x3d\x8f\x3d\x8f\x3d\x8f\x3d\x8f\x3d\x8f\x3d\x8f\x3d\x8f\x3d\x8f\x3d\x8f\x3d\x8f'
    b'\x3d\x8f\x3d\x8f\x3d\x8f\x3d\x8f\x3d\x8f\x3d\x8f\x3d\x8f\x3d\x8f\x3d\x8f\x3d\x8f\x3d\x8f\x3d\x8f\x3d\x8f\x3d\x8f\x3d\x8f\x3d\x8f'
    b'\x3d\x8f\x3d\x8f\x3d\x8f\x3d\x8f\x3d\x8f\x3d\x8f\x3d\x8f\x3d\x8f\x3d\x8f\x3d\x8f\x3d\x8f\x3d\x8f\x3d\x8f\x3d\x8f\x3d\x8f\x3d\x8f'
    b'\x3d\x8f\x3d\x8f\x3d\x8f\x3d\x8f\x3d\x8f\x3d\x8f\x3d\x8f\x3d\x8f\x3d\x8f\x3d\x8f\x3d\x8f\x3d\x8f\x3d\x8f\x3d\x8f\x3d\x8f\x3d\x8f'
    b'\x3d\x8f\x3d\x8f\x3d\x8f\x3d\x8f\x3d\x8f\x3d\x8f\x3d\x8f\x3d\x8f\x3d\x8f\x3d\x8f\x3d\x8f\x3d\x8f\x3d\x8f\x3d\x8f\x3d\x8f\x3d\x8f'
    b'\x3d\x8f\x3d\x8f\x3d\x8f\x3d\x8f\x3d\x8f\x3d\x8f\x3d\x8f\x3d\x8f\x3d\x8f\x3d\x8f\x3d\x8f\x3d\x8f\x3d\x8f\x3d\x8f\x3d\x8f\x3d\x8f'
    b'\x3d\x8f\x3d\x8f\x3d\x8f\x3d\x8f\x3d\x8f\x3d\x8f\x3d\x8f\x3d\x8f\x3d\x8f\x3d\x8f\x3d\x8f\x3d\x8f\x3d\x8f\x3d\x8f\x3d\x8f\x3d\x8f'
    b'\x3d\x8f\x3d\x8f\x3d\x8f\x3d\x8f\x3d\x8f\x3d\x8f\x3d\x8f\x3d\x8f\x3d\x8f\x3d\x8f\x3d\x8f\x3d\x8f\x3d\x8f\x3d\x8f\x3d\x8f\x3d\x8f'
    b'\x3d\x8f\x3d\x8f\x3d\x8f\x3d\x8f\x3d\x8f\x3d\x8f\x3d\x8f\x3d\x8f\x3d\x8f\x3d\x8f\x3d\x8f\x3d\x8f\x3d\x8f\x3d\x8f\x3d\x8f\x3d\x8f'
    b'\x3d\x8f\x3d\x8f\x3d\x8f\x3d\x8f\x3d\x8f\x3d\x8f\x3d\x8f\x3d\x8f\x3d\x8f\x3d\x8f\x3d\x8f\x3d\x8f\x3d\x8f\x3d\x8f\x3d\x8f\x3d\x8f'
    b'\x3d\x8f\x3d\x8f\x3d\x8f\x3d\x8f\x3d\x8f\x3d\x8f\x3d\x8f\x3d\x8f\x3d\x8f\x3d\x8f\x3d\x8f\x3d\x8f\x3d\x8f\x3d\x8f\x3d\x8f\x3d\x8f'
    b'\x3d\x8f\x3d\x8f\x3d\x8f\x3d\x8f\x3d\x8f\x3d\x8f\x3d\x8f\x3d\x8f\x3d\x8f\x3d\x8f\x3d\x8f\x3d\x8f\x3d\x8f\x3d\x8f\x3d\x8f\x3d\x8f'
    b'\x3d\x8f\x3d\x8f\x3d\x8f\x3d\x8f\x3d\x8f\x3d\x8f\x3d\x8f\x3d\x8f\x3d\x8f\x3d\x8f\x3d\x8f\x3d\x8f\x3d\x8f\x3d\x8f\x3d\x8f\x3d\x8f'
    b'\x3d\x8f\x3d\x8f\x3d\x8f\x3d\x8f\x3d\x8f\x3d\x8f\x3d\x8f\x3d\x8f\x3d\x8f\x3d\x8f\x3d\x8f\x3d\x8f\x3d\x8f\x3d\x8f\x3d\x8f\x3d\x8f'
    b'\x3d\x8f\x3d\x8f\x3d\x8f\x3d\x8f\x3d\x8f\x3d\x8f\x3d\x8f\x3d\x8f\x3d\x8f\x3d\x8f\x3d\x8f\x3d\x8f\x3d\x8f\x3d\x8f\x3d\x8f\x3d\x8f'
    b'\x3d\x8f\x3d\x8f\x3d\x8f\x3d\x8f\x3d\x8f\x3d\x8f\x3d\x8f\x3d\x8f\x3d\x8f\x3d\x8f\x3d\x8f\x3d\x8f\x3d\x8f\x3d\x8f\x3d\x8f\x3d\x8f'
    b'\x3d\x8f\x3d\x8f\x3d\x8f\x3d\x8f\x3d\x8f\x3d\x8f\x3d\x8f\x3d\x8f\x3d\x8f\x3d\x8f\x3d\x8f\x3d\x8f\x3d\x8f\x3d\x8f\x3d\x8f\x3d\x8f'
    b'\x3d\x8f\x3d\x8f\x3d\x8f\x3d\x8f\x3d\x8f\x3d\x8f\x3d\x8f\x3d\x8f\x3d\x8f\x3d\x8f\x3d\x8f\x3d\x8f\x3d\x8f\x3d\x8f\x3d\x8f\x3d\x8f'
    b'\x3d\x8f\x3d\x8f\x3d\x8f\x3d\x8f\x3d\x8f\x3d\x8f\x3d\x8f\x3d\x8f\x3d\x8f\x3d\x8f\x3d\x8f\x3d\x8f\x3d\x8f\x3d\x8f\x3d\x8f\x3d\x8f'
    b'\x3d\x8f\x3d\x8f\x3d\x8f\x3d\x8f\x3d\x8f\x3d\x8f\x3d\x8f\x3d\x8f\x3d\x8f\x3d\x8f\x3d\x8f\x3d\x8f\x3d\x8f\x3d\x8f\x3d\x8f\x3d\x8f'
    b'\x3d\x8f\x3d\x8f\x3d\x8f\x3d\x8f\x3d\x8f\x3d\x8f\x3d\x8f\x3d\x8f\x3d\x8f\x3d\x8f\x3d\x8f\x3d\x8f\x3d\x8f\x3d\x8f\x3d\x8f\x3d\x8f'
    b'\x3d\x8f\x3d\x8f\x3d\x8f\x3d\x8f\x3d\x8f\x3d\x8f\x3d\x8f\x3d\x8f\x3d\x8f\x3d\x8f\x3d\x8f\x3d\x8f\x3d\x8f\x3d\x8f\x3d\x8f\x3d\x8f'
    b'\x3d\x8f\x3d\x8f\x3d\x8f\x3d\x8f\x3d\x8f\x3d\x8f\x3d\x8f\x3d\x8f\x3d\x8f\x3d\x8f\x3d\x8f\x3d\x8f\x3d\x8f\x3d\x8f\x3d\x8f\x3d\x8f'
    b'\x3d\x8f\x3d\x8f\x3d\x8f\x3d\x8f\x3d\x8f\x3d\x8f\x3d\x8f\x3d\x8f\x3d\x8f\x3d\x8f\x3d\x8f\x3d\x8f\x3d\x8f\x3d\x8f\x3d\x8f\x3d\x8f'
    b'\x3d\x8f\x3d\x8f\x3d\x8f\x3d\x8f\x3d\x8f\x3d\x8f\x3d\x8f\x3d\x8f\x3d\x8f\x3d\x8f\x3d\x8f\x3d\x8f\x3d\x8f\x3d\x8f\x3d\x8f\x3d\x8f'
    b'\x3d\x8f\x3d\x8f\x3d\x8f\x3d\x8f\x3d\x8f\x3d\x8f\x3d\x8f\x3d\x8f\x3d\x8f\x3d\x8f\x3d\x8f\x3d\x8f\x3d\x8f\x3d\x8f\x3d\x8f\x3d\x8f'
    b'\x3d\x8f\x3d\x8f\x3d\x8f\x3d\x8f\x3d\x8f\x3d\x8f\x3d\x8f\x3d\x8f\x3d\x8f\x3d\x8f\x3d\x8f\x3d\x8f\x3d\x8f\x3d\x8f\x3d\x8f\x3d\x8f'
    b'\x3d\x8f\x3d\x8f\x3d\x8f\x3d\x8f\x3d\x8f\x3d\x8f\x3d\x8f\x3d\x8f\x3d\x8f\x3d\x8f\x3d\x8f\x3d\x8f\x3d\x8f\x3d\x8f\x3d\x8f\x3d\x8f'
    b'\x3d\x8f\x3d\x8f\x3d\x8f\x3d\x8f\x3d\x8f\x3d\x8f\x3d\x8f\x3d\x8f\x3d\x8f\x3d\x8f\x3d\x8f\x3d\x8f\x3d\x8f\x3d\x8f\x3d\x8f\x3d\x8f'
    b'\x3d\x8f\x3d\x8f\x3d\x8f\x3d\x8f\x3d\x8f\x3d\x8f\x3d\x8f\x3d\x8f\x3d\x8f\x3d\x8f\x3d\x8f\x3d\x8f\x3d\x8f\x3d\x8f\x3d\x8f\x3d\x8f'
    b'\x3d\x8f\x3d\x8f\x3d\x8f\x3d\x8f\x3d\x8f\x3d\x8f\x3d\x8f\x3d\x8f\x3d\x8f\x3d\x8f\x3d\x8f\x3d\x8f\x3d\x8f\x3d\x8f\x3d\x8f\x3d\x8f'
    b'\x3d\x8f\x3d\x8f\x3d\x8f\x3d\x8f\x3d\x8f\x3d\x8f\x3d\x8f\x3d\x8f\x3d\x8f\x3d\x8f\x3d\x8f\x3d\x8f\x3d\x8f\x3d\x8f\x3d\x8f\x3d\x8f'
    b'\x3d\x8f\x3d\x8f\x3d\x8f\x3d\x8f\x3d\x8f\x3d\x8f\x3d\x8f\x3d\x8f\x3d\x8f\x3d\x8f\x3d\x8f\x3d\x8f\x3d\x8f\x3d\x8f\x3d\x8f\x3d\x8f'
    b'\x3d\x8f\x3d\x8f\x3d\x8f\x3d\x8f\x3d\x8f\x3d\x8f\x3d\x8f\x3d\x8f\x3d\x8f\x3d\x8f\x3d\x8f\x3d\x8f\x3d\x8f\x3d\x8f\x3d\x8f\x3d\x8f'
    b'\x3d\x8f\x3d\x8f\x3d\x8f\x3d\x8f\x3d\x8f\x3d\x8f\x3d\x8f\x3d\x8f\x3d\x8f\x3d\x8f\x3d\x8f\x3d\x8f\x3d\x8f\x3d\x8f\x3d\x8f\x3d\x8f'
    b'\x3d\x8f\x3d\x8f\x3d\x8f\x3d\x8f\x3d\x8f\x3d\x8f\x3d\x8f\x3d\x8f\x3d\x8f\x3d\x8f\x3d\x8f\x3d\x8f\x3d\x8f\x3d\x8f\x3d\x8f\x3d\x8f'
    b'\x3d\x8f\x3d\x8f\x3d\x8f\x3d\x8f\x3d\x8f\x3d\x8f\x3d\x8f\x3d\x8f\x3d\x8f\x3d\x8f\x3d\x8f\x3d\x8f\x3d\x8f\x3d\x8f\x3d\x8f\x3d\x8f'
    b'\x3d\x8f\x3d\x8f\x3d\x8f\x3d\x8f\x3d\x8f\x3d\x8f\x3d\x8f\x3d\x8f\x3d\x8f\x3d\x8f\x3d\x8f\x3d\x8f\x3d\x8f\x3d\x8f\x3d\x8f\x3d\x8f'
    b'\x3d\x8f\x3d\x8f\x3d\x8f\x3d\x8f\x3d\x8f\x3d\x8f\x3d\x8f\x3d\x8f\x3d\x8f\x3d\x8f\x3d\x8f\x3d\x8f\x3d\x8f\x3d\x8f\x3d\x8f\x3d\x8f'
    b'\x3d\x8f\x3d\x8f\x3d\x8f\x3d\x8f\x3d\x8f\x3d\x8f\x3d\x8f\x3d\x8f\x3d\x8f\x3d\x8f\x3d\x8f\x3d\x8f\x3d\x8f\x3d\x8f\x3d\x8f\x3d\x8f'
    b'\x3d\x8f\x3d\x8f\x3d\x8f\x3d\x8f\x3d\x8f\x3d\x8f\x3d\x8f\x3d\x8f\x3d\x8f\x3d\x8f\x3d\x8f\x3d\x8f\x3d\x8f\x3d\x8f\x3d\x8f\x3d\x8f'
    b'\x3d\x8f\x3d\x8f\x3d\x8f\x3d\x8f\x3d\x8f\x3d\x8f\x3d\x8f\x3d\x8f\x3d\x8f\x3d\x8f\x3d\x8f\x3d\x8f\x3d\x8f\x3d\x8f\x3d\x8f\x3d\x8f'
    b'\x3d\x8f\x3d\x8f\x3d\x8f\x3d\x8f\x3d\x8f\x3d\x8f\x3d\x8f\x3d\x8f\x3d\x8f\x3d\x8f\x3d\x8f\x3d\x8f\x3d\x8f\x3d\x8f\x3d\x8f\x3d\x8f'
    b'\x3d\x8f\x3d\x8f\x3d\x8f\x3d\x8f\x3d\x8f\x3d\x8f\x3d\x8f\x3d\x8f\x3d\x8f\x3d\x8f\x3d\x8f\x3d\x8f\x3d\x8f\x3d\x8f\x3d\x8f\x3d\x8f'
    b'\x3d\x8f\x3d\x8f\x3d\x8f\x3d\x8f\x3d\x8f\x3d\x8f\x3d\x8f\x3d\x8f\x3d\x8f\x3d\x8f\x3d\x8f\x3d\x8f\x3d\x8f\x3d\x8f\x3d\x8f\x3d\x8f'
    b'\x3d\x8f\x3d\x8f\x3d\x8f\x3d\x8f\x3d\x8f\x3d\x8f\x3d\x8f\x3d\x8f\x3d\x8f\x3d\x8f\x3d\x8f\x3d\x8f\x3d\x8f\x3d\x8f\x3d\x8f\x3d\x8f'
    b'\x3d\x8f\x3d\x8f\x3d\x8f\x3d\x8f\x3d\x8f\x3d\x8f\x3d\x8f\x3d\x8f\x3d\x8f\x3d\x8f\x3d\x8f\x3d\x8f\x3d\x8f\x3d\x8f\x3d\x8f\x3d\x8f'
    b'\x3d\x8f\x3d\x8f\x3d\x8f\x3d\x8f\x3d\x8f\x3d\x8f\x3d\x8f\x3d\x8f\x3d\x8f\x3d\x8f\x3d\x8f\x3d\x8f\x3d\x8f\x3d\x8f\x3d\x8f\x3d\x8f'
    b'\x3d\x8f\x3d\x8f\x3d\x8f\x3d\x8f\x3d\x8f\x3d\x8f\x3d\x8f\x3d\x8f\x3d\x8f\x3d\x8f\x3d\x8f\x3d\x8f\x3d\x8f\x3d\x8f\x3d\x8f\x3d\x8f'
    b'\x3d\x8f\x3d\x8f\x3d\x8f\x3d\x8f\x3d\x8f\x3d\x8f\x3d\x8f\x3d\x8f\x3d\x8f\x3d\x8f\x3d\x8f\x3d\x8f\x3d\x8f\x3d\x8f\x3d\x8f\x3d\x8f'
    b'\x3d\x8f\x3d\x8f\x3d\x8f\x3d\x8f\x3d\x8f\x3d\x8f\x3d\x8f\x3d\x8f\x3d\x8f\x3d\x8f\x3d\x8f\x3d\x8f\x3d\x8f\x3d\x8f\x3d\x8f\x3d\x8f'
    b'\x3d\x8f\x3d\x8f\x3d\x8f\x3d\x8f\x3d\x8f\x3d\x8f\x3d\x8f\x3d\x8f\x3d\x8f\x3d\x8f\x3d\x8f\x3d\x8f\x3d\x8f\x3d\x8f\x3d\x8f\x3d\x8f'
    b'\x3d\x8f\x3d\x8f\x3d\x8f\x3d\x8f\x3d\x8f\x3d\x8f\x3d\x8f\x3d\x8f\x3d\x8f\x3d\x8f\x3d\x8f\x3d\x8f\x3d\x8f\x3d\x8f\x3d\x8f\x3d\x8f'
    b'\x3d\x8f\x3d\x8f\x3d\x8f\x3d\x8f\x3d\x8f\x3d\x8f\x3d\x8f\x3d\x8f\x3d\x8f\x3d\x8f\x3d\x8f\x3d\x8f\x3d\x8f\x3d\x8f\x3d\x8f\x3d\x8f'
    b'\x3d\x8f\x3d\x8f\x3d\x8f\x3d\x8f\x3d\x8f\x3d\x8f\x3d\x8f\x3d\x8f\x3d\x8f\x3d\x8f\x3d\x8f\x3d\x8f\x3d\x8f\x3d\x8f\x3d\x8f\x3d\x8f'
    b'\x3d\x8f\x3d\x8f\x3d\x8f\x3d\x8f\x3d\x8f\x3d\x8f\x3d\x8f\x3d\x8f\x3d\x8f\x3d\x8f\x3d\x8f\x3d\x8f\x3d\x8f\x3d\x8f\x3d\x8f\x3d\x8f'
    b'\x3d\x8f\x3d\x8f\x3d\x8f\x3d\x8f\x3d\x8f\x3d\x8f\x3d\x8f\x3d\x8f\x3d\x8f\x3d\x8f\x3d\x8f\x3d\x8f\x3d\x8f\x3d\x8f\x3d\x8f\x3d\x8f'
    b'\x3d\x8f\x3d\x8f\x3d\x8f\x3d\x8f\x3d\x8f\x3d\x8f\x3d\x8f\x3d\x8f\x3d\x8f\x3d\x8f\x3d\x8f\x3d\x8f\x3d\x8f\x3d\x8f\x3d\x8f\x3d\x8f'
    b'\x3d\x8f\x3d\x8f\x3d\x8f\x3d\x8f\x3d\x8f\x3d\x8f\x3d\x8f\x3d\x8f\x3d\x8f\x3d\x8f\x3d\x8f\x3d\x8f\x3d\x8f\x3d\x8f\x3d\x8f\x3d\x8f'
    b'\x3d\x8f\x3d\x8f\x3d\x8f\x3d\x8f\x3d\x8f\x3d\x8f\x3d\x8f\x3d\x8f\x3d\x8f\x3d\x8f\x3d\x8f\x3d\x8f\x3d\x8f\x3d\x8f\x3d\x8f\x3d\x8f'
    b'\x3d\x8f\x3d\x8f\x3d\x8f\x3d\x8f\x3d\x8f\x3d\x8f\x3d\x8f\x3d\x8f\x3d\x8f\x3d\x8f\x3d\x8f\x3d\x8f\x3d\x8f\x3d\x8f\x3d\x8f\x3d\x8f'
    b'\x3d\x8f\x3d\x8f\x3d\x8f\x3d\x8f\x3d\x8f\x3d\x8f\x3d\x8f\x3d\x8f\x3d\x8f\x3d\x8f\x3d\x8f\x3d\x8f\x3d\x8f\x3d\x8f\x3d\x8f\x3d\x8f'
    b'\x3d\x8f\x3d\x8f\x3d\x8f\x3d\x8f\x3d\x8f\x3d\x8f\x3d\x8f\x3d\x8f\x3d\x8f\x3d\x8f\x3d\x8f\x3d\x8f\x3d\x8f\x3d\x8f\x3d\x8f\x3d\x8f'
    b'\x3d\x8f\x3d\x8f\x3d\x8f\x3d\x8f\x3d\x8f\x3d\x8f\x3d\x8f\x3d\x8f\x3d\x8f\x3d\x8f\x3d\x8f\x3d\x8f\x3d\x8f\x3d\x8f\x3d\x8f\x3d\x8f'
    b'\x3d\x8f\x3d\x8f\x3d\x8f\x3d\x8f\x3d\x8f\x3d\x8f\x3d\x8f\x3d\x8f\x3d\x8f\x3d\x8f\x3d\x8f\x3d\x8f\x3d\x8f\x3d\x8f\x3d\x8f\x3d\x8f'
    b'\x3d\x8f\x3d\x8f\x3d\x8f\x3d\x8f\x3d\x8f\x3d\x8f\x3d\x8f\x3d\x8f\x3d\x8f\x3d\x8f\x3d\x8f\x3d\x8f\x3d\x8f\x3d\x8f\x3d\x8f\x3d\x8f'
    b'\x3d\x8f\x3d\x8f\x3d\x8f\x3d\x8f\x3d\x8f\x3d\x8f\x3d\x8f\x3d\x8f\x3d\x8f\x3d\x8f\x3d\x8f\x3d\x8f\x3d\x8f\x3d\x8f\x3d\x8f\x3d\x8f'
    b'\x3d\x8f\x3d\x8f\x3d\x8f\x3d\x8f\x3d\x8f\x3d\x8f\x3d\x8f\x3d\x8f\x3d\x8f\x3d\x8f\x3d\x8f\x3d\x8f\x3d\x8f\x3d\x8f\x3d\x8f\x3d\x8f'
    b'\x3d\x8f\x3d\x8f\x3d\x8f\x3d\x8f\x3d\x8f\x3d\x8f\x3d\x8f\x3d\x8f\x3d\x8f\x3d\x8f\x3d\x8f\x3d\x8f\x3d\x8f\x3d\x8f\x3d\x8f\x3d\x8f'
    b'\x3d\x8f\x3d\x8f\x3d\x8f\x3d\x8f\x3d\x8f\x3d\x8f\x3d\x8f\x3d\x8f\x3d\x8f\x3d\x8f\x3d\x8f\x3d\x8f\x3d\x8f\x3d\x8f\x3d\x8f\x3d\x8f'
    b'\x3d\x8f\x3d\x8f\x3d\x8f\x3d\x8f\x3d\x8f\x3d\x8f\x3d\x8f\x3d\x8f\x3d\x8f\x3d\x8f\x3d\x8f\x3d\x8f\x3d\x8f\x3d\x8f\x3d\x8f\x3d\x8f'
    b'\x3d\x8f\x3d\x8f\x45\xb0\x45\xb0\x3d\xaf\x3d\x8f\x3d\x8f\x3d\x8f\x3d\xaf\x3d\xaf\x3d\x8f\x3d\x8f\x3d\x8f\x3d\x8f\x3d\x8f\x3d\x8f'
    b'\x3d\x8f\x3d\x8f\x3d\xb0\x3d\x8f\x3d\x8f\x3d\x8f\x3d\x8f\x3d\x8f\x3d\x8f\x3d\x8f\x3d\x8f\x3d\x8f\x3d\x8f\x3d\x8f\x3d\x8f\x3d\x8f'
    b'\x3d\x8f\x3d\x8f\x3d\x8f\x3d\x8f\x3d\x8f\x3d\x8f\x3d\x8f\x3d\x8f\x3d\x8f\x3d\x8f\x3d\x8f\x3d\x8f\x3d\x8f\x3d\x8f\x3d\x8f\x3d\x8f'
    b'\x3d\x8f\x3d\x8f\x3d\x8f\x3d\x8f\x3d\x8f\x3d\x8f\x3d\x8f\x3d\x8f\x3d\x8f\x3d\x8f\x3d\x8f\x3d\x8f\x3d\x8f\x3d\x8f\x3d\x8f\x3d\x8f'
    b'\x3d\x8f\x3d\xaf\x3d\xaf\x3d\x8f\x3d\x8f\x3d\x8f\x3d\x8f\x3d\x8f\x3d\x8f\x3d\x8f\x3d\x8f\x3d\x8f\x3d\x8f\x3d\x8f\x3d\x8f\x3d\x8f'
    b'\x3d\x8f\x3d\x8f\x3d\x8f\x3d\x8f\x3d\x8f\x3d\x8f\x3d\x8f\x3d\x8f\x3d\x8f\x3d\x8f\x3d\x8f\x3d\x8f\x3d\x8f\x3d\x8f\x3d\x8f\x3d\x8f'
    b'\x3d\x8f\x3d\x8f\x3d\x8f\x3d\x8f\x3d\x8f\x3d\x8f\x3d\x8f\x3d\x8f\x3d\x8f\x3d\x8f\x3d\x8f\x3d\x8f\x3d\x8f\x3d\x8f\x3d\x8f\x3d\x8f'
    b'\x3d\x8f\x3d\x8f\x3d\x8f\x3d\x8f\x3d\x8f\x3d\x8f\x3d\x8f\x3d\x8f\x3d\x8f\x3d\x8f\x3d\x8f\x3d\x8f\x3d\x8f\x3d\x8f\x3d\x8f\x3d\x8f'
    b'\x3d\x8f\x3d\x8f\x3d\x8f\x3d\xb0\x45\xd0\x3d\xb0\x3d\x8f\x3d\x8f\x3d\x8f\x3d\x8f\x3d\xb0\x3d\x8f\x3d\x8f\x3d\x8f\x3d\x8f\x3d\x8f'
    b'\x3d\x8f\x3d\x8f\x3d\x8f\x3d\xaf\x3d\xaf\x3d\x8f\x3d\x8f\x3d\x8f\x3d\x8f\x3d\x8f\x3d\x8f\x3d\x8f\x3d\x8f\x3d\x8f\x3d\x8f\x3d\x8f'
    b'\x3d\x8f\x3d\xaf\x45\xd0\x45\xb0\x3d\xaf\x3d\x8f\x3d\x8f\x3d\x8f\x45\xb0\x3d\xb0\x3d\x8f\x3d\x8f\x3d\x8f\x3d\x8f\x3d\x8f\x3d\x8f'
    b'\x3d\x8f\x3d\xaf\x45\xd0\x3d\xaf\x3d\x8f\x3d\x8f\x3d\x8f\x3d\x8f\x3d\x8f\x3d\x8f\x3d\x8f\x3d\x8f\x3d\x8f\x3d\x8f\x3d\x8f\x3d\x8f'
    b'\x3d\x8f\x3d\x8f\x3d\x8f\x3d\x8f\x3d\x8f\x3d\x8f\x3d\x8f\x3d\x8f\x3d\x8f\x3d\x8f\x3d\xaf\x45\xd0\x3d\xb0\x45\xd0\x3d\xb0\x45\xd0'
    b'\x3d\xaf\x3d\x8f\x3d\x8f\x3d\x8f\x3d\x8f\x3d\x8f\x3d\x8f\x3d\x8f\x3d\x8f\x3d\x8f\x3d\x8f\x3d\x8f\x3d\x8f\x3d\x8f\x3d\x8f\x3d\x8f'
    b'\x3d\x8f\x45\xd0\x45\xb0\x45\xb0\x3d\x8f\x3d\x8f\x3d\x8f\x3d\x8f\x3d\x8f\x3d\x8f\x3d\x8f\x3d\x8f\x3d\x8f\x3d\x8f\x3d\x8f\x3d\x8f'
    b'\x3d\x8f\x3d\x8f\x3d\x8f\x3d\x8f\x3d\x8f\x3d\x8f\x3d\x8f\x3d\x8f\x3d\x8f\x3d\x8f\x3d\xaf\x3d\xb0\x3d\x8f\x3d\x8f\x3d\x8f\x3d\x8f'
    b'\x3d\x8f\x3d\x8f\x3d\x8f\x3d\x8f\x3d\x8f\x3d\xb0\x3d\xaf\x3d\x8f\x3d\x8f\x3d\x8f\x3d\xaf\x45\xb0\x45\xb0\x45\xb0\x45\xb0\x45\xb0'
    b'\x45\xb0\x45\xb0\x45\xb0\x45\xb0\x45\xb0\x3d\xaf\x3d\x8f\x3d\x8f\x3d\x8f\x3d\x8f\x3d\x8f\x3d\x8f\x3d\x8f\x3d\x8f\x3d\x8f\x3d\x8f'
    b'\x3d\x8f\x3d\x8f\x3d\x8f\x3d\xb0\x45\xb0\x45\xb0\x3d\x8f\x3d\x8f\x3d\x8f\x3d\xaf\x45\xd0\x3d\x8f\x3d\x8f\x3d\x8f\x3d\x8f\x3d\x8f'
    b'\x3d\x8f\x3d\x8f\x3d\x8f\x45\xd0\x45\xd0\x3d\x8f\x3d\x8f\x3d\x8f\x3d\x8f\x3d\x8f\x3d\x8f\x3d\x8f\x3d\x8f\x3d\x8f\x3d\x8f\x3d\x8f'
    b'\x3d\x8f\x3d\xaf\x3d\xb0\x3d\xb0\x3d\xaf\x3d\x8f\x3d\x8f\x3d\x8f\x45\xd0\x45\xb0\x3d\x8f\x3d\x8f\x3d\x8f\x3d\x8f\x3d\x8f\x3d\x8f'
    b'\x3d\x8f\x3d\x8f\x45\xd0\x3d\xaf\x3d\x8f\x3d\x8f\x3d\x8f\x3d\x8f\x3d\x8f\x3d\x8f\x3d\x8f\x3d\x8f\x3d\x8f\x3d\x8f\x3d\x8f\x3d\x8f'
    b'\x3d\x8f\x3d\x8f\x3d\x8f\x3d\x8f\x3d\x8f\x3d\x8f\x3d\x8f\x3d\x8f\x3d\x8f\x3d\x8f\x3d\xaf\x45\xd0\x3d\xaf\x45\xd0\x3d\xaf\x45\xd0'
    b'\x3d\x8f\x3d\x8f\x3d\x8f\x3d\x8f\x3d\x8f\x3d\x8f\x3d\x8f\x3d\x8f\x3d\x8f\x3d\x8f\x3d\x8f\x3d\x8f\x3d\x8f\x3d\x8f\x3d\x8f\x3d\x8f'
    b'\x3d\xaf\x45\xb0\x3d\x8f\x45\xb0\x3d\x8f\x3d\x8f\x3d\x8f\x3d\x8f\x3d\x8f\x3d\x8f\x3d\x8f\x3d\x8f\x3d\x8f\x3d\x8f\x3d\x8f\x3d\x8f'
    b'\x3d\x8f\x3d\x8f\x3d\x8f\x3d\x8f\x3d\xb0\x3d\xaf\x3d\x8f\x3d\x8f\x3d\x8f\x3d\x8f\x45\xd0\x45\xd0\x3d\x8f\x3d\x8f\x3d\x8f\x3d\x8f'
    b'\x3d\x8f\x3d\x8f\x3d\x8f\x3d\x8f\x3d\x8f\x45\xd0\x45\xb0\x3d\x8f\x3d\x8f\x3d\x8f\x45\xb0\x3d\xb0\x3d\x8f\x3d\xaf\x3d\xaf\x3d\xaf'
    b'\x3d\xaf\x3d\xaf\x3d\xaf\x3d\x8f\x3d\xb0\x45\xb0\x3d\x8f\x3d\x8f\x3d\x8f\x3d\x8f\x3d\x8f\x3d\x8f\x3d\x8f\x3d\x8f\x3d\x8f\x3d\x8f'
    b'\x3d\x8f\x3d\x8f\x3d\x8f\x3d\xb0\x3d\xaf\x45\xb0\x3d\x8f\x3d\x8f\x3d\x8f\x3d\xb0\x45\xd0\x3d\xaf\x3d\x8f\x3d\x8f\x3d\x8f\x3d\x8f'
    b'\x3d\x8f\x3d\x8f\x3d\x8f\x3d\xb0\x45\xb0\x3d\x8f\x3d\x8f\x3d\x8f\x3d\x8f\x3d\x8f\x3d\x8f\x3d\x8f\x3d\x8f\x3d\x8f\x3d\x8f\x3d\x8f'
    b'\x3d\x8f\x3d\xaf\x45\xd0\x45\xd0\x3d\xaf\x3d\x8f\x3d\x8f\x3d\x8f\x45\xb0\x3d\xb0\x3d\x8f\x3d\x8f\x3d\x8f\x3d\x8f\x3d\x8f\x3d\x8f'
    b'\x3d\x8f\x3d\x8f\x45\xd0\x3d\xaf\x3d\x8f\x3d\xaf\x5e\x32\x45\xd0\x3d\x8f\x5e\x32\x45\xd0\x3d\x8f\x5e\x32\x45\xd0\x3d\x8f\x5e\x12'
    b'\x4d\xd0\x35\x8f\x3d\x8f\x3d\x8f\x3d\x8f\x3d\x8f\x3d\x8f\x3d\x8f\x3d\x8f\x3d\x8f\x3d\x8f\x45\xb0\x3d\x8f\x45\xd0\x3d\x8f\x45\xb0'
    b'\x3d\xaf\x3d\x8f\x3d\x8f\x3d\x8f\x3d\x8f\x3d\x8f\x3d\x8f\x3d\x8f\x3d\x8f\x3d\x8f\x3d\x8f\x3d\x8f\x3d\x8f\x3d\x8f\x3d\x8f\x3d\x8f'
    b'\x3d\xaf\x45\xb0\x3d\x8f\x45\xb0\x3d\x8f\x3d\x8f\x3d\x8f\x3d\x8f\x3d\x8f\x3d\x8f\x3d\x8f\x3d\x8f\x3d\x8f\x3d\x8f\x3d\x8f\x3d\x8f'
    b'\x3d\x8f\x3d\x8f\x3d\x8f\x3d\xaf\x45\xd0\x3d\xb0\x3d\x8f\x3d\x8f\x3d\x8f\x45\xb0\x3d\xb0\x3d\x8f\x3d\x8f\x3d\x8f\x3d\x8f\x3d\x8f'
    b'\x3d\x8f\x3d\x8f\x3d\x8f\x3d\x8f\x3d\x8f\x3d\xaf\x3d\xb0\x3d\x8f\x3d\x8f\x3d\x8f\x3d\xb0\x45\xd0\x3d\xb0\x3d\xb0\x3d\xb0\x3d\xb0'
    b'\x3d\xb0\x3d\xb0\x3d\xb0\x3d\xb0\x45\xd0\x3d\xb0\x3d\x8f\x3d\x8f\x3d\x8f\x3d\x8f\x3d\x8f\x3d\x8f\x3d\x8f\x3d\x8f\x3d\x8f\x3d\x8f'
    b'\x3d\x8f\x3d\x8f\x3d\x8f\x3d\xb0\x45\xd0\x45\xb0\x3d\x8f\x3d\x8f\x3d\x8f\x3d\xaf\x45\xd0\x3d\x8f\x3d\x8f\x3d\x8f\x3d\x8f\x3d\x8f'
    b'\x3d\x8f\x3d\x8f\x3d\x8f\x3d\xb0\x45\xb0\x3d\x8f\x35\x8f\x4d\xf1\x56\x12\x35\x8f\x4d\xf1\x5e\x12\x35\x8f\x4d\xd1\x5e\x12\x3d\x8f'
    b'\x3d\x8f\x3d\x8f\x3d\xaf\x3d\xaf\x3d\x8f\x3d\x8f\x3d\x8f\x3d\x8f\x45\xd0\x45\xb0\x3d\x8f\x3d\x8f\x3d\x8f\x3d\x8f\x3d\x8f\x3d\x8f'
    b'\x3d\x8f\x3d\xaf\x45\xd0\x3d\xb0\x3d\x8f\x3d\xaf\x4d\xf1\x3d\xb0\x3d\x8f\x4d\xf1\x45\xb0\x3d\x8f\x4d\xf1\x45\xb0\x3d\x8f\x4d\xf1'
    b'\x45\xd0\x3d\x8f\x3d\xb0\x45\xb0\x45\xb0\x45\xb0\x45\xb0\x45\xb0\x45\xb0\x45\xb0\x3d\xaf\x45\xd0\x3d\xaf\x3d\xb0\x45\xb0\x3d\x8f'
    b'\x45\xd0\x3d\xaf\x3d\x8f\x3d\x8f\x3d\x8f\x3d\x8f\x3d\x8f\x3d\x8f\x3d\x8f\x3d\x8f\x3d\x8f\x3d\x8f\x3d\x8f\x3d\x8f\x3d\x8f\x3d\x8f'
    b'\x3d\xaf\x45\xb0\x3d\x8f\x45\xb0\x3d\x8f\x3d\x8f\x3d\x8f\x3d\x8f\x3d\x8f\x3d\x8f\x3d\x8f\x3d\x8f\x3d\x8f\x3d\x8f\x3d\x8f\x3d\x8f'
    b'\x3d\x8f\x3d\x8f\x3d\x8f\x3d\x8f\x45\xb0\x3d\x8f\x3d\x8f\x3d\x8f\x45\xb0\x3d\xb0\x3d\x8f\x3d\x8f\x3d\xb0\x45\xb0\x3d\xb0\x3d\xb0'
    b'\x45\xb0\x3d\xb0\x3d\xb0\x45\xb0\x45\xb0\x3d\xaf\x45\xb0\x3d\x8f\x3d\x8f\x3d\x8f\x3d\x8f\x56\x12\x55\xf1\x56\x12\x55\xf1\x56\x11'
    b'\x56\x11\x55\xf1\x56\x12\x55\xf1\x56\x12\x3d\x8f\x3d\x8f\x3d\x8f\x3d\x8f\x3d\x8f\x3d\x8f\x3d\xaf\x3d\xaf\x3d\xaf\x45\xd0\x45\xd0'
    b'\x3d\xaf\x3d\x8f\x3d\x8f\x3d\x8f\x3d\xaf\x3d\x8f\x3d\x8f\x3d\x8f\x3d\x8f\x3d\xaf\x45\xd0\x3d\xaf\x3d\x8f\x3d\x8f\x3d\x8f\x3d\x8f'
    b'\x3d\x8f\x3d\x8f\x3d\x8f\x45\xd0\x45\xd0\x3d\x8f\x3d\x8f\x45\xd0\x4d\xf1\x3d\x8f\x45\xd0\x4d\xf1\x3d\x8f\x45\xd0\x4d\xf1\x3d\x8f'
    b'\x3d\x8f\x3d\x8f\x3d\xaf\x3d\x8f\x3d\xaf\x3d\xaf\x3d\xaf\x3d\x8f\x45\xb0\x3d\xb0\x3d\x8f\x3d\xaf\x3d\xaf\x3d\x8f\x3d\x8f\x3d\x8f'
    b'\x3d\x8f\x3d\x8f\x45\xb0\x3d\x8f\x3d\x8f\x45\xb0\x3d\xb0\x45\xd0\x45\xb0\x3d\xb0\x45\xb0\x45\xb0\x3d\xb0\x45\xb0\x45\xd0\x3d\xb0'
    b'\x45\xd0\x3d\x8f\x45\xb0\x3d\xb0\x3d\xaf\x3d\xaf\x3d\xaf\x3d\xaf\x3d\xaf\x45\xb0\x3d\xb0\x3d\x8f\x45\xd0\x3d\xaf\x3d\xb0\x45\xb0'
    b'\x3d\x8f\x45\xd0\x3d\xaf\x3d\x8f\x3d\x8f\x3d\x8f\x3d\x8f\x3d\x8f\x3d\x8f\x3d\x8f\x3d\x8f\x3d\x8f\x3d\x8f\x3d\x8f\x3d\x8f\x3d\x8f'
    b'\x3d\xaf\x45\xb0\x3d\x8f\x45\xb0\x3d\x8f\x3d\x8f\x3d\x8f\x3d\x8f\x3d\x8f\x3d\xaf\x3d\xb0\x3d\x8f\x3d\x8f\x3d\xb0\x3d\xaf\x3d\x8f'
    b'\x3d\x8f\x3d\x8f\x3d\x8f\x3d\x8f\x45\xb0\x3d\x8f\x3d\x8f\x45\xb0\x3d\xb0\x3d\x8f\x3d\x8f\x3d\x8f\x45\xb0\x3d\xb0\x45\xb0\x45\xd0'
    b'\x3d\xb0\x45\xb0\x45\xd0\x3d\xb0\x45\xb0\x3d\xaf\x45\xb0\x3d\xaf\x3d\x8f\x3d\x8f\x3d\x8f\x4d\xd1\x45\xd0\x45\xd0\x45\xd0\x45\xd0'
    b'\x45\xd0\x45\xd0\x45\xd0\x45\xd0\x4d\xd1\x3d\x8f\x3d\x8f\x3d\x8f\x3d\x8f\x3d\x8f\x3d\xaf\x45\xd0\x45\xb0\x45\xb0\x45\xd1\x4d\xf1'
    b'\x45\xd0\x3d\x8f\x3d\x8f\x3d\xaf\x3d\x8f\x3d\xaf\x3d\xaf\x3d\xaf\x3d\xaf\x3d\xaf\x45\xd0\x3d\xaf\x3d\xaf\x3d\xaf\x3d\x8f\x3d\x8f'
    b'\x3d\x8f\x3d\x8f\x3d\x8f\x3d\xb0\x3d\xb0\x3d\x8f\x3d\xaf\x45\xd0\x3d\xb0\x45\xd0\x45\xb0\x3d\xb0\x45\xd0\x45\xb0\x3d\xb0\x45\xb0'
    b'\x3d\xaf\x45\xd0\x45\xb0\x45\xb0\x45\xb0\x45\xb0\x45\xb0\x45\xb0\x45\xd0\x45\xd0\x45\xb0\x45\xb0\x45\xd0\x3d\xb0\x3d\x8f\x3d\x8f'
    b'\x3d\x8f\x3d\xaf\x45\xd0\x3d\xaf\x3d\x8f\x45\xd0\x3d\x8f\x45\xb0\x45\xd0\x3d\x8f\x45\xb0\x45\xd0\x3d\x8f\x3d\xb0\x45\xd0\x3d\x8f'
    b'\x45\xb0\x3d\xaf\x3d\xb0\x3d\xaf\x3d\x8f\x3d\x8f\x3d\x8f\x3d\x8f\x3d\x8f\x45\xb0\x3d\xb0\x3d\x8f\x3d\x8f\x45\xd0\x3d\x8f\x3d\xb0'
    b'\x45\xb0\x3d\x8f\x45\xd0\x3d\xaf\x3d\x8f\x3d\x8f\x3d\x8f\x3d\x8f\x3d\x8f\x3d\x8f\x45\xb0\x45\xb0\x45\xb0\x3d\xaf\x3d\x8f\x3d\x8f'
    b'\x3d\xaf\x45\xb0\x3d\x8f\x45\xb0\x3d\x8f\x3d\x8f\x3d\x8f\x3d\x8f\x3d\x8f\x3d\xb0\x45\xd0\x3d\xaf\x3d\x8f\x45\xd0\x45\xd0\x3d\x8f'
    b'\x3d\x8f\x3d\x8f\x3d\x8f\x3d\x8f\x45\xd0\x3d\x8f\x3d\xb0\x3d\xb0\x3d\x8f\x3d\x8f\x3d\x8f\x3d\x8f\x45\xb0\x3d\x8f\x3d\xb0\x45\xd0'
    b'\x3d\x8f\x3d\xb0\x45\xd0\x3d\x8f\x3d\xb0\x3d\xaf\x3d\xb0\x3d\xb0\x3d\x8f\x3d\x8f\x3d\x8f\x3d\x8f\x3d\x8f\x3d\x8f\x3d\x8f\x3d\x8f'
    b'\x3d\x8f\x3d\x8f\x3d\x8f\x3d\x8f\x3d\x8f\x3d\x8f\x3d\x8f\x3d\x8f\x3d\x8f\x3d\x8f\x3d\xaf\x45\xb0\x3d\x8f\x3d\x8f\x3d\xb0\x45\xd0'
    b'\x3d\x8f\x3d\x8f\x3d\xb0\x45\xd0\x45\xb0\x45\xb0\x45\xb0\x45\xb0\x45\xb0\x45\xd0\x45\xd0\x45\xd0\x45\xb0\x45\xd0\x45\xd0\x3d\x8f'
    b'\x3d\x8f\x3d\x8f\x3d\x8f\x45\xd0\x45\xd0\x3d\x8f\x3d\xb0\x3d\xb0\x3d\xaf\x45\xd0\x3d\xb0\x3d\xaf\x45\xd0\x3d\xb0\x3d\xaf\x45\xb0'
    b'\x3d\xaf\x45\xb0\x3d\x8f\x3d\x8f\x3d\x8f\x3d\x8f\x3d\x8f\x3d\x8f\x3d\xaf\x3d\x8f\x3d\x8f\x3d\x8f\x3d\xb0\x3d\xb0\x3d\x8f\x3d\x8f'
    b'\x3d\x8f\x3d\xaf\x45\xd0\x3d\xaf\x3d\x8f\x45\xb0\x3d\x8f\x45\xb0\x45\xd0\x3d\x8f\x45\xb0\x45\xd0\x3d\x8f\x3d\xb0\x45\xd0\x3d\x8f'
    b'\x45\xb0\x3d\xaf\x3d\xb0\x3d\xaf\x3d\x8f\x3d\x8f\x3d\x8f\x3d\x8f\x3d\x8f\x45\xd0\x45\xb0\x3d\x8f\x3d\x8f\x3d\x8f\x45\xd0\x3d\x8f'
    b'\x3d\xb0\x45\xb0\x3d\x8f\x45\xd0\x3d\xaf\x3d\x8f\x3d\x8f\x3d\x8f\x3d\x8f\x3d\xaf\x45\xd0\x3d\x8f\x3d\xb0\x45\xb0\x3d\x8f\x3d\x8f'
    b'\x3d\xaf\x45\xd0\x45\xb0\x45\xb0\x3d\x8f\x3d\x8f\x3d\x8f\x3d\x8f\x3d\x8f\x3d\x8f\x3d\xaf\x3d\x8f\x3d\x8f\x3d\x8f\x3d\x8f\x3d\x8f'
    b'\x3d\x8f\x3d\x8f\x3d\x8f\x3d\x8f\x45\xb0\x3d\x8f\x45\xb0\x3d\xaf\x3d\x8f\x3d\x8f\x3d\x8f\x3d\x8f\x45\xb0\x45\xd0\x45\xd0\x45\xd0'
    b'\x45\xd0\x45\xd0\x45\xd0\x45\xd0\x45\xd0\x3d\xaf\x3d\xaf\x45\xb0\x3d\x8f\x3d\x8f\x3d\x8f\x3d\x8f\x3d\x8f\x3d\x8f\x3d\x8f\x3d\x8f'
    b'\x3d\x8f\x3d\x8f\x3d\x8f\x3d\x8f\x3d\x8f\x3d\x8f\x3d\x8f\x3d\x8f\x3d\x8f\x3d\x8f\x3d\xaf\x45\xb0\x3d\x8f\x3d\x8f\x3d\x8f\x3d\x8f'
    b'\x3d\x8f\x3d\x8f\x45\xb0\x3d\xaf\x3d\x8f\x3d\x8f\x3d\x8f\x3d\x8f\x3d\x8f\x3d\x8f\x3d\xaf\x3d\x8f\x3d\x8f\x3d\x8f\x45\xb0\x3d\x8f'
    b'\x3d\x8f\x3d\x8f\x3d\x8f\x45\xb0\x45\xd0\x3d\x8f\x3d\xb0\x3d\xb0\x3d\xaf\x45\xd0\x3d\xb0\x3d\xaf\x45\xd0\x3d\xb0\x3d\xaf\x45\xb0'
    b'\x3d\xaf\x45\xb0\x3d\x8f\x3d\x8f\x3d\x8f\x3d\x8f\x3d\x8f\x3d\x8f\x3d\x8f\x3d\x8f\x3d\x8f\x3d\x8f\x3d\xb0\x3d\xb0\x3d\x8f\x3d\x8f'
    b'\x3d\x8f\x3d\x8f\x45\xb0\x3d\x8f\x3d\x8f\x45\xb0\x3d\x8f\x45\xb0\x45\xd0\x3d\x8f\x45\xb0\x45\xd0\x3d\x8f\x3d\xb0\x45\xd0\x3d\x8f'
    b'\x45\xb0\x3d\xaf\x3d\xb0\x3d\xaf\x3d\x8f\x3d\x8f\x3d\x8f\x3d\x8f\x3d\x8f\x3d\xaf\x3d\x8f\x3d\x8f\x3d\x8f\x3d\x8f\x3d\x8f\x45\xd0'
    b'\x3d\x8f\x3d\xb0\x45\xb0\x3d\x8f\x45\xd0\x3d\xaf\x3d\x8f\x3d\x8f\x3d\x8f\x3d\xaf\x45\xd0\x3d\xb0\x45\xd0\x45\xb0\x3d\x8f\x3d\x8f'
    b'\x3d\x8f\x3d\xaf\x3d\xb0\x3d\xaf\x3d\x8f\x3d\x8f\x3d\x8f\x3d\x8f\x3d\x8f\x3d\x8f\x3d\x8f\x3d\x8f\x3d\x8f\x3d\x8f\x3d\x8f\x3d\x8f'
    b'\x3d\x8f\x3d\x8f\x3d\x8f\x3d\x8f\x45\xb0\x3d\x8f\x45\xb0\x3d\xaf\x3d\x8f\x3d\x8f\x3d\x8f\x3d\x8f\x3d\xaf\x3d\xb0\x3d\xaf\x3d\xaf'
    b'\x3d\xb0\x3d\xaf\x3d\xaf\x3d\xb0\x3d\xaf\x3d\x8f\x3d\x8f\x45\xb0\x3d\x8f\x3d\x8f\x56\x11\x4d\xf1\x3d\xb0\x45\xb0\x3d\xb0\x3d\xb0'
    b'\x3d\xb0\x3d\xb0\x3d\xb0\x45\xb0\x3d\xb0\x4d\xf1\x56\x11\x3d\x8f\x3d\x8f\x3d\x8f\x3d\xaf\x45\xb0\x3d\x8f\x3d\x8f\x3d\xaf\x3d\xaf'
    b'\x3d\x8f\x3d\x8f\x45\xb0\x3d\xaf\x3d\x8f\x3d\x8f\x3d\x8f\x3d\x8f\x3d\x8f\x3d\x8f\x3d\x8f\x3d\x8f\x3d\x8f\x3d\x8f\x45\xb0\x3d\x8f'
    b'\x3d\x8f\x3d\x8f\x3d\x8f\x3d\xb0\x3d\xb0\x3d\x8f\x3d\xb0\x3d\xb0\x3d\xaf\x45\xd0\x3d\xb0\x3d\xaf\x45\xd0\x3d\xb0\x3d\xaf\x45\xb0'
    b'\x3d\xaf\x45\xb0\x3d\x8f\x3d\x8f\x3d\x8f\x3d\x8f\x3d\x8f\x3d\x8f\x3d\x8f\x3d\x8f\x3d\x8f\x3d\x8f\x3d\xb0\x3d\xb0\x3d\x8f\x3d\x8f'
    b'\x3d\x8f\x3d\x8f\x45\xb0\x3d\x8f\x3d\x8f\x45\xb0\x3d\x8f\x45\xb0\x45\xd0\x3d\x8f\x45\xb0\x45\xd0\x3d\x8f\x3d\xb0\x45\xd0\x3d\x8f'
    b'\x45\xb0\x3d\xaf\x3d\xb0\x3d\xaf\x3d\x8f\x3d\x8f\x3d\x8f\x45\xd0\x45\xb0\x3d\x8f\x3d\x8f\x3d\x8f\x3d\x8f\x3d\x8f\x3d\x8f\x3d\x8f'
    b'\x45\xd0\x3d\x8f\x3d\xb0\x45\xb0\x3d\x8f\x45\xd0\x3d\xaf\x3d\x8f\x3d\x8f\x3d\x8f\x3d\xaf\x3d\xb0\x3d\xb0\x3d\xaf\x3d\x8f\x3d\x8f'
    b'\x3d\x8f\x3d\x8f\x3d\x8f\x3d\x8f\x3d\x8f\x3d\x8f\x3d\x8f\x3d\x8f\x3d\x8f\x3d\x8f\x3d\x8f\x3d\x8f\x3d\x8f\x3d\x8f\x3d\x8f\x3d\x8f'
    b'\x3d\x8f\x3d\x8f\x3d\x8f\x3d\x8f\x45\xb0\x3d\x8f\x45\xb0\x3d\xaf\x3d\x8f\x3d\x8f\x3d\x8f\x3d\xaf\x3d\x8f\x3d\x8f\x3d\x8f\x3d\x8f'
    b'\x3d\x8f\x3d\x8f\x3d\x8f\x3d\x8f\x3d\x8f\x3d\x8f\x3d\x8f\x45\xb0\x3d\xaf\x3d\x8f\x4d\xf1\x4d\xd1\x3d\xaf\x3d\xb0\x3d\xb0\x3d\xb0'
    b'\x3d\xb0\x3d\xb0\x3d\xb0\x3d\xb0\x3d\xaf\x4d\xd1\x4d\xf1\x3d\x8f\x3d\x8f\x3d\x8f\x3d\xaf\x3d\xb0\x3d\x8f\x45\xd0\x45\xb0\x45\xd0'
    b'\x3d\xb0\x3d\x8f\x45\xb0\x3d\xaf\x3d\x8f\x3d\x8f\x3d\x8f\x3d\x8f\x3d\x8f\x3d\x8f\x3d\x8f\x3d\x8f\x3d\x8f\x3d\x8f\x45\xb0\x3d\x8f'
    b'\x3d\x8f\x3d\x8f\x3d\x8f\x3d\xb0\x3d\xb0\x3d\x8f\x3d\xb0\x3d\xb0\x3d\xaf\x45\xd0\x3d\xb0\x3d\xaf\x45\xd0\x3d\xb0\x3d\xaf\x45\xb0'
    b'\x3d\xaf\x45\xb0\x3d\x8f\x3d\x8f\x3d\xaf\x45\xd0\x3d\x8f\x3d\x8f\x3d\x8f\x3d\x8f\x3d\x8f\x3d\x8f\x45\xd0\x45\xd0\x3d\x8f\x3d\x8f'
    b'\x3d\x8f\x3d\x8f\x45\xb0\x3d\x8f\x3d\x8f\x45\xb0\x3d\x8f\x45\xb0\x45\xd0\x3d\x8f\x45\xb0\x45\xd0\x3d\x8f\x3d\xb0\x45\xd0\x3d\x8f'
    b'\x45\xb0\x3d\xaf\x3d\xb0\x3d\xaf\x3d\x8f\x3d\x8f\x3d\x8f\x45\xd0\x3d\xb0\x3d\x8f\x3d\x8f\x3d\x8f\x3d\x8f\x3d\x8f\x3d\x8f\x3d\x8f'
    b'\x3d\x8f\x45\xd0\x3d\xaf\x3d\xb0\x45\xb0\x3d\x8f\x45\xb0\x3d\xaf\x3d\x8f\x3d\x8f\x3d\x8f\x3d\x8f\x3d\x8f\x3d\x8f\x3d\x8f\x3d\xaf'
    b'\x3d\xb0\x3d\x8f\x3d\x8f\x3d\xb0\x3d\xaf\x3d\x8f\x3d\x8f\x3d\x8f\x3d\x8f\x3d\x8f\x3d\xb0\x45\xb0\x3d\xb0\x3d\xb0\x3d\xb0\x45\xb0'
    b'\x3d\xb0\x3d\x8f\x3d\x8f\x3d\x8f\x45\xb0\x3d\x8f\x45\xb0\x3d\xaf\x3d\x8f\x3d\xaf\x45\xd0\x45\xb0\x45\xb0\x3d\xb0\x45\xb0\x45\xd0'
    b'\x45\xb0\x3d\x8f\x3d\x8f\x3d\x8f\x3d\x8f\x3d\x8f\x3d\x8f\x3d\xb0\x3d\xb0\x3d\x8f\x3d\x8f\x3d\x8f\x3d\x8f\x3d\x8f\x3d\x8f\x3d\x8f'
    b'\x3d\x8f\x3d\x8f\x3d\x8f\x3d\x8f\x3d\x8f\x3d\x8f\x3d\x8f\x3d\x8f\x3d\x8f\x3d\x8f\x3d\xaf\x3d\xb0\x3d\xaf\x45\xb0\x3d\x8f\x3d\xaf'
    b'\x45\xb0\x3d\x8f\x45\xb0\x3d\xaf\x3d\x8f\x3d\x8f\x45\xb0\x3d\xb0\x3d\x8f\x3d\x8f\x3d\x8f\x3d\x8f\x3d\x8f\x3d\xaf\x45\xd0\x3d\xaf'
    b'\x3d\x8f\x3d\x8f\x3d\x8f\x3d\xb0\x3d\xb0\x3d\x8f\x3d\xb0\x3d\xb0\x3d\xaf\x45\xd0\x3d\xb0\x3d\xaf\x45\xd0\x3d\xb0\x3d\xaf\x45\xb0'
    b'\x3d\xaf\x45\xb0\x3d\x8f\x3d\x8f\x45\xd0\x5e\x33\x3d\xaf\x3d\x8f\x3d\x8f\x3d\x8f\x3d\x8f\x3d\x8f\x45\xb0\x3d\xb0\x3d\x8f\x3d\x8f'
    b'\x3d\x8f\x3d\x8f\x45\xb0\x3d\x8f\x3d\x8f\x45\xb0\x3d\xaf\x45\xb0\x45\xd0\x3d\xaf\x45\xb0\x45\xd0\x3d\xaf\x45\xb0\x45\xd0\x3d\xaf'
    b'\x45\xd0\x3d\xaf\x3d\xb0\x3d\xaf\x3d\x8f\x3d\x8f\x3d\xaf\x3d\xb0\x3d\x8f\x3d\x8f\x3d\x8f\x3d\x8f\x3d\x8f\x3d\x8f\x3d\x8f\x3d\x8f'
    b'\x3d\x8f\x3d\x8f\x45\xd0\x3d\xaf\x3d\xaf\x45\xd0\x45\xb0\x45\xb0\x3d\xaf\x3d\x8f\x3d\x8f\x3d\x8f\x3d\x8f\x3d\x8f\x3d\x8f\x3d\xb0'
    b'\x45\xd0\x3d\x8f\x3d\x8f\x45\xd0\x45\xb0\x3d\x8f\x3d\x8f\x3d\x8f\x3d\x8f\x3d\x8f\x45\xd0\x3d\xaf\x3d\xb0\x4d\xd1\x3d\xb0\x3d\xb0'
    b'\x45\xd0\x3d\x8f\x3d\x8f\x3d\x8f\x45\xb0\x3d\x8f\x45\xb0\x3d\xaf\x3d\x8f\x3d\xaf\x45\xb0\x3d\x8f\x3d\xb0\x45\xd0\x3d\x8f\x3d\xaf'
    b'\x45\xb0\x3d\x8f\x3d\x8f\x3d\x8f\x3d\x8f\x3d\x8f\x3d\x8f\x3d\xaf\x45\xb0\x3d\x8f\x3d\x8f\x3d\x8f\x3d\x8f\x3d\x8f\x3d\x8f\x3d\x8f'
    b'\x3d\x8f\x3d\x8f\x3d\x8f\x3d\x8f\x3d\x8f\x3d\x8f\x3d\x8f\x3d\x8f\x3d\x8f\x3d\x8f\x3d\xb0\x3d\xb0\x3d\x8f\x45\xd0\x45\xb0\x45\xd0'
    b'\x3d\xb0\x3d\x8f\x45\xb0\x3d\xaf\x3d\x8f\x3d\x8f\x5e\x32\x4d\xf1\x35\x8f\x3d\x8f\x3d\x8f\x3d\x8f\x3d\x8f\x3d\xaf\x45\xd0\x3d\xaf'
    b'\x3d\x8f\x3d\x8f\x3d\x8f\x3d\xb0\x3d\xb0\x3d\x8f\x3d\xb0\x45\xb0\x3d\xaf\x45\xd0\x3d\xb0\x3d\xaf\x45\xd0\x45\xb0\x3d\xaf\x45\xb0'
    b'\x3d\xaf\x45\xb0\x3d\x8f\x3d\x8f\x3d\xaf\x3d\xb0\x3d\x8f\x3d\x8f\x3d\x8f\x3d\x8f\x3d\x8f\x3d\x8f\x3d\x8f\x3d\x8f\x3d\x8f\x3d\x8f'
    b'\x3d\x8f\x3d\x8f\x45\xd0\x3d\x8f\x3d\x8f\x3d\xb0\x45\xb0\x45\xb0\x45\xb0\x45\xb0\x45\xb0\x3d\xb0\x3d\xb0\x45\xb0\x3d\xb0\x3d\xb0'
    b'\x45\xd0\x3d\x8f\x45\xb0\x3d\xaf\x3d\x8f\x3d\x8f\x45\xb0\x3d\xb0\x3d\x8f\x3d\x8f\x3d\xaf\x3d\xb0\x3d\xb0\x3d\xb0\x3d\xaf\x3d\x8f'
    b'\x3d\x8f\x3d\x8f\x3d\x8f\x45\xd0\x3d\x8f\x56\x11\x5e\x12\x3d\xaf\x45\xb0\x3d\x8f\x3d\x8f\x3d\x8f\x3d\x8f\x3d\x8f\x3d\x8f\x45\xb0'
    b'\x45\xd0\x3d\xaf\x3d\xaf\x45\xd0\x45\xb0\x3d\x8f\x3d\x8f\x3d\x8f\x3d\x8f\x3d\x8f\x45\xd0\x35\x8f\x55\xf1\x66\x53\x4d\xf1\x35\x8f'
    b'\x45\xd0\x3d\x8f\x3d\x8f\x3d\x8f\x45\xb0\x3d\x8f\x45\xb0\x3d\xaf\x3d\x8f\x3d\xb0\x3d\xb0\x3d\x8f\x5e\x32\x66\x53\x45\xd0\x3d\x8f'
    b'\x45\xb0\x3d\x8f\x3d\x8f\x3d\x8f\x3d\x8f\x3d\x8f\x3d\x8f\x3d\x8f\x45\xb0\x3d\xaf\x3d\x8f\x3d\x8f\x3d\x8f\x3d\x8f\x3d\x8f\x3d\x8f'
    b'\x3d\x8f\x3d\x8f\x3d\x8f\x3d\x8f\x3d\x8f\x3d\x8f\x3d\x8f\x3d\x8f\x3d\x8f\x3d\xb0\x45\xb0\x3d\x8f\x3d\x8f\x3d\x8f\x3d\x8f\x3d\x8f'
    b'\x3d\x8f\x3d\x8f\x45\xb0\x3d\xaf\x3d\x8f\x3d\x8f\x3d\xb0\x3d\xaf\x3d\x8f\x3d\x8f\x3d\x8f\x3d\x8f\x3d\x8f\x3d\x8f\x3d\x8f\x3d\x8f'
    b'\x3d\x8f\x3d\x8f\x3d\x8f\x3d\xb0\x45\xb0\x3d\x8f\x3d\xaf\x45\xb0\x45\xb0\x3d\xb0\x45\xb0\x3d\xb0\x45\xb0\x45\xb0\x3d\xb0\x3d\xb0'
    b'\x3d\xaf\x45\xb0\x3d\x8f\x3d\x8f\x3d\x8f\x3d\x8f\x3d\x8f\x3d\x8f\x3d\x8f\x3d\x8f\x3d\x8f\x3d\x8f\x45\xd0\x45\xd0\x3d\xb0\x3d\xb0'
    b'\x3d\xb0\x45\xd0\x4d\xf1\x45\xd0\x3d\x8f\x3d\xaf\x56\x12\x45\xb0\x3d\x8f\x56\x12\x45\xd0\x3d\x8f\x56\x12\x45\xd0\x3d\x8f\x56\x12'
    b'\x45\xd0\x35\x8f\x45\xb0\x3d\xaf\x3d\x8f\x3d\x8f\x45\xb0\x3d\x8f\x3d\x8f\x3d\x8f\x3d\xb0\x45\xb0\x3d\xaf\x45\xb0\x3d\xb0\x3d\x8f'
    b'\x3d\x8f\x3d\x8f\x3d\x8f\x3d\xaf\x45\xb0\x3d\xaf\x3d\xaf\x3d\xaf\x3d\xb0\x3d\x8f\x3d\x8f\x3d\x8f\x3d\x8f\x3d\x8f\x3d\xaf\x45\xd0'
    b'\x3d\xb0\x45\xb0\x3d\xb0\x3d\xb0\x45\xd0\x3d\xaf\x3d\x8f\x3d\x8f\x3d\x8f\x3d\x8f\x45\xd0\x35\x8f\x4d\xf1\x66\x33\x4d\xf1\x35\x8f'
    b'\x45\xd0\x3d\x8f\x3d\x8f\x3d\x8f\x45\xb0\x3d\x8f\x45\xb0\x3d\xaf\x3d\x8f\x3d\xb0\x3d\xb0\x3d\x8f\x56\x12\x5e\x33\x45\xd0\x3d\x8f'
    b'\x45\xb0\x3d\x8f\x3d\x8f\x3d\x8f\x3d\x8f\x3d\x8f\x3d\x8f\x3d\x8f\x3d\xb0\x45\xd0\x45\xb0\x45\xb0\x45\xb0\x45\xb0\x45\xb0\x45\xb0'
    b'\x45\xb0\x45\xb0\x45\xb0\x45\xb0\x45\xb0\x45\xb0\x45\xd0\x45\xd0\x45\xd0\x3d\xb0\x3d\x8f\x3d\x8f\x3d\x8f\x3d\x8f\x3d\x8f\x3d\x8f'
    b'\x3d\x8f\x3d\x8f\x45\xb0\x3d\xaf\x3d\x8f\x3d\x8f\x3d\x8f\x3d\x8f\x3d\x8f\x3d\x8f\x3d\x8f\x3d\x8f\x3d\x8f\x3d\xaf\x45\xd0\x3d\xb0'
    b'\x3d\xb0\x3d\xb0\x45\xb0\x45\xd1\x45\xd1\x3d\xb0\x35\x8f\x4d\xd1\x56\x11\x35\x8f\x4d\xd1\x56\x12\x35\x8f\x45\xd0\x56\x12\x3d\x8f'
    b'\x3d\xaf\x45\xb0\x3d\x8f\x3d\x8f\x3d\x8f\x3d\x8f\x3d\x8f\x3d\x8f\x3d\x8f\x3d\x8f\x3d\x8f\x3d\x8f\x45\xb0\x45\xb0\x3d\xb0\x3d\xb0'
    b'\x3d\xb0\x45\xd0\x4d\xf1\x45\xd0\x3d\x8f\x3d\xaf\x56\x11\x45\xb0\x3d\x8f\x56\x11\x45\xb0\x3d\x8f\x55\xf1\x45\xb0\x3d\x8f\x55\xf1'
    b'\x45\xd0\x35\x8f\x45\xb0\x3d\xaf\x3d\x8f\x45\xd0\x45\xd0\x3d\x8f\x3d\x8f\x3d\x8f\x3d\xb0\x45\xb0\x3d\xaf\x45\xd0\x3d\xb0\x3d\x8f'
    b'\x3d\x8f\x3d\x8f\x3d\x8f\x3d\xaf\x45\xd0\x3d\xaf\x3d\xb0\x45\xd0\x3d\xb0\x3d\x8f\x3d\x8f\x3d\x8f\x3d\x8f\x3d\x8f\x3d\xaf\x45\xb0'
    b'\x3d\xaf\x45\xb0\x3d\xb0\x3d\xaf\x3d\xb0\x3d\xaf\x3d\x8f\x3d\x8f\x3d\x8f\x3d\x8f\x45\xd0\x3d\xb0\x3d\xb0\x45\xd0\x3d\xb0\x3d\xb0'
    b'\x45\xd0\x3d\x8f\x3d\x8f\x3d\x8f\x45\xb0\x3d\x8f\x45\xb0\x3d\xaf\x3d\x8f\x3d\xaf\x45\xd0\x3d\xb0\x45\xb0\x45\xd0\x3d\xb0\x45\xb0'
    b'\x45\xb0\x3d\x8f\x3d\x8f\x3d\x8f\x3d\x8f\x3d\x8f\x3d\x8f\x3d\x8f\x3d\x8f\x3d\x8f\x3d\x8f\x3d\x8f\x3d\x8f\x3d\x8f\x3d\x8f\x3d\x8f'
    b'\x3d\x8f\x3d\x8f\x3d\x8f\x3d\x8f\x3d\x8f\x3d\x8f\x3d\xb0\x3d\xb0\x3d\x8f\x3d\x8f\x3d\x8f\x3d\x8f\x3d\x8f\x3d\x8f\x3d\x8f\x3d\x8f'
    b'\x3d\x8f\x3d\x8f\x45\xb0\x3d\xaf\x3d\x8f\x3d\x8f\x3d\x8f\x3d\x8f\x3d\x8f\x3d\x8f\x3d\x8f\x3d\x8f\x3d\x8f\x3d\xaf\x45\xd0\x3d\xb0'
    b'\x3d\xb0\x3d\xb0\x3d\xb0\x45\xd1\x45\xd1\x3d\xb0\x35\x8f\x4d\xd0\x4d\xf1\x35\x8f\x45\xd0\x55\xf1\x35\x8f\x45\xd0\x55\xf1\x3d\x8f'
    b'\x3d\xaf\x45\xb0\x3d\x8f\x3d\x8f\x3d\xaf\x3d\xaf\x3d\x8f\x3d\x8f\x3d\x8f\x3d\x8f\x3d\x8f\x3d\x8f\x3d\x8f\x3d\x8f\x3d\x8f\x3d\x8f'
    b'\x3d\x8f\x3d\x8f\x45\xd0\x3d\x8f\x3d\x8f\x3d\xaf\x3d\xaf\x3d\xaf\x3d\xb0\x3d\x8f\x3d\xaf\x3d\xb0\x3d\x8f\x3d\xb0\x3d\xaf\x3d\xaf'
    b'\x3d\xaf\x3d\x8f\x45\xb0\x3d\xaf\x3d\x8f\x45\xd0\x3d\xb0\x3d\x8f\x3d\x8f\x3d\x8f\x3d\xaf\x3d\xb0\x3d\xb0\x3d\xb0\x3d\x8f\x3d\x8f'
    b'\x3d\x8f\x3d\x8f\x3d\x8f\x3d\x8f\x3d\xb0\x3d\xb0\x3d\xb0\x3d\xb0\x3d\xaf\x3d\x8f\x3d\x8f\x3d\x8f\x3d\x8f\x3d\x8f\x3d\xaf\x45\xb0'
    b'\x3d\xaf\x45\xb0\x3d\xb0\x3d\xaf\x3d\xb0\x3d\xaf\x3d\x8f\x3d\x8f\x3d\x8f\x3d\x8f\x45\xd0\x3d\xb0\x3d\xb0\x3d\xaf\x3d\xb0\x3d\xb0'
    b'\x45\xd0\x3d\x8f\x3d\x8f\x3d\x8f\x45\xb0\x3d\x8f\x45\xb0\x3d\xaf\x3d\x8f\x3d\xaf\x45\xd0\x3d\xb0\x3d\xb0\x3d\xaf\x3d\xb0\x45\xb0'
    b'\x45\xb0\x3d\x8f\x3d\x8f\x3d\x8f\x3d\x8f\x3d\xaf\x45\xd0\x45\xb0\x45\xb0\x45\xd0\x45\xb0\x45\xb0\x45\xd0\x45\xb0\x45\xb0\x45\xd0'
    b'\x45\xb0\x45\xb0\x45\xd0\x45\xb0\x45\xb0\x45\xd0\x3d\xb0\x3d\xb0\x3d\x8f\x3d\x8f\x3d\x8f\x3d\x8f\x3d\x8f\x3d\x8f\x3d\x8f\x3d\x8f'
    b'\x3d\x8f\x3d\x8f\x45\xb0\x3d\xaf\x3d\x8f\x3d\x8f\x3d\xaf\x3d\xaf\x3d\x8f\x3d\x8f\x3d\x8f\x3d\x8f\x3d\x8f\x3d\x8f\x3d\x8f\x3d\x8f'
    b'\x3d\x8f\x3d\x8f\x3d\x8f\x3d\xb0\x3d\xb0\x3d\x8f\x3d\xaf\x3d\xaf\x3d\x8f\x3d\xb0\x3d\xaf\x3d\x8f\x3d\xb0\x3d\xaf\x3d\xaf\x3d\xb0'
    b'\x3d\xaf\x45\xd0\x45\xd0\x45\xb0\x45\xd0\x45\xd0\x3d\x8f\x3d\x8f\x3d\x8f\x3d\x8f\x3d\x8f\x3d\x8f\x3d\x8f\x3d\x8f\x3d\x8f\x3d\x8f'
    b'\x3d\x8f\x3d\xb0\x45\xd0\x3d\xb0\x3d\x8f\x45\xb0\x4d\xf1\x56\x12\x3d\xb0\x5e\x12\x45\xd0\x4d\xd1\x56\x12\x3d\xb0\x56\x12\x4d\xf1'
    b'\x3d\xb0\x3d\x8f\x45\xb0\x3d\xaf\x3d\x8f\x3d\x8f\x3d\x8f\x3d\x8f\x3d\x8f\x3d\x8f\x3d\x8f\x3d\x8f\x3d\x8f\x3d\x8f\x3d\x8f\x3d\x8f'
    b'\x3d\x8f\x3d\x8f\x3d\x8f\x3d\x8f\x3d\x8f\x3d\x8f\x3d\x8f\x3d\x8f\x3d\x8f\x3d\x8f\x3d\x8f\x3d\x8f\x3d\x8f\x3d\x8f\x3d\xaf\x45\xb0'
    b'\x3d\xaf\x45\xb0\x3d\xb0\x3d\xaf\x3d\xb0\x3d\xaf\x3d\x8f\x3d\x8f\x3d\x8f\x3d\x8f\x45\xb0\x3d\x8f\x3d\x8f\x3d\x8f\x3d\x8f\x3d\x8f'
    b'\x45\xb0\x3d\x8f\x3d\x8f\x3d\x8f\x45\xb0\x3d\x8f\x45\xb0\x3d\xaf\x3d\x8f\x3d\xaf\x45\xb0\x3d\x8f\x3d\x8f\x3d\x8f\x3d\x8f\x3d\x8f'
    b'\x45\xb0\x3d\x8f\x3d\x8f\x3d\x8f\x3d\xaf\x45\xd0\x3d\x8f\x3d\x8f\x3d\x8f\x3d\x8f\x3d\xb0\x3d\xb0\x3d\x8f\x3d\xb0\x3d\xb0\x3d\x8f'
    b'\x3d\xb0\x3d\xb0\x3d\x8f\x3d\x8f\x3d\x8f\x45\xb0\x3d\xb0\x3d\xb0\x3d\xaf\x3d\xb0\x3d\xaf\x3d\xb0\x3d\xb0\x3d\xaf\x3d\xb0\x3d\xb0'
    b'\x3d\xaf\x3d\x8f\x45\xb0\x45\xd0\x45\xb0\x45\xb0\x45\xd0\x45\xb0\x3d\x8f\x3d\x8f\x3d\x8f\x3d\x8f\x3d\x8f\x3d\x8f\x3d\x8f\x3d\x8f'
    b'\x3d\x8f\x3d\x8f\x3d\x8f\x45\xd0\x45\xd0\x3d\x8f\x3d\xaf\x45\xd0\x5e\x12\x45\xd0\x4d\xf1\x56\x12\x3d\xb0\x56\x12\x45\xd0\x45\xd0'
    b'\x3d\xaf\x45\xb0\x3d\x8f\x3d\x8f\x3d\x8f\x3d\xaf\x3d\x8f\x3d\x8f\x3d\x8f\x3d\x8f\x45\xb0\x3d\xb0\x3d\xaf\x45\xd0\x3d\xb0\x45\xd0'
    b'\x3d\xaf\x45\xd0\x4d\xf1\x45\xd0\x3d\x8f\x45\xb0\x4d\xf1\x56\x12\x3d\xb0\x5e\x12\x45\xd0\x4d\xd1\x56\x12\x3d\xb0\x56\x12\x4d\xf1'
    b'\x3d\xb0\x3d\x8f\x45\xb0\x3d\xaf\x3d\x8f\x3d\x8f\x3d\x8f\x3d\x8f\x3d\x8f\x3d\x8f\x3d\x8f\x3d\x8f\x3d\x8f\x3d\x8f\x3d\x8f\x3d\x8f'
    b'\x3d\x8f\x3d\x8f\x3d\x8f\x3d\x8f\x3d\x8f\x3d\x8f\x3d\x8f\x3d\x8f\x3d\x8f\x3d\x8f\x3d\x8f\x3d\x8f\x3d\x8f\x3d\x8f\x3d\xaf\x45\xd0'
    b'\x45\xd0\x3d\xb0\x3d\xb0\x45\xd0\x45\xd0\x3d\xaf\x3d\x8f\x3d\x8f\x3d\x8f\x3d\x8f\x45\xb0\x3d\x8f\x3d\x8f\x3d\x8f\x3d\x8f\x3d\x8f'
    b'\x45\xb0\x3d\x8f\x3d\x8f\x3d\x8f\x45\xb0\x3d\x8f\x45\xb0\x3d\xaf\x3d\x8f\x3d\xaf\x45\xb0\x3d\x8f\x3d\x8f\x3d\x8f\x3d\x8f\x3d\xaf'
    b'\x45\xb0\x3d\x8f\x3d\x8f\x3d\xaf\x45\xd0\x3d\x8f\x3d\x8f\x3d\x8f\x3d\x8f\x3d\x8f\x56\x12\x55\xf1\x35\x8f\x56\x12\x56\x11\x35\x8f'
    b'\x56\x12\x56\x12\x35\x8f\x3d\x8f\x3d\x8f\x45\xb0\x3d\xb0\x45\xd0\x45\xb0\x3d\xb0\x45\xd0\x45\xd0\x3d\xb0\x45\xd0\x45\xd0\x3d\xb0'
    b'\x45\xd0\x3d\x8f\x45\xb0\x3d\xaf\x3d\x8f\x3d\x8f\x3d\xaf\x3d\xaf\x3d\x8f\x3d\x8f\x3d\x8f\x3d\xaf\x45\xd0\x3d\x8f\x45\xb0\x45\xb0'
    b'\x45\xb0\x45\xb0\x3d\xaf\x4d\xf1\x4d\xf1\x3d\xb0\x3d\xaf\x45\xd0\x5e\x12\x45\xd0\x4d\xf1\x56\x12\x3d\xb0\x56\x12\x45\xd0\x45\xd0'
    b'\x3d\xaf\x45\xb0\x3d\x8f\x3d\x8f\x3d\x8f\x3d\x8f\x3d\x8f\x3d\x8f\x3d\x8f\x3d\x8f\x45\xd0\x45\xb0\x3d\xaf\x45\xd0\x3d\xb0\x45\xd0'
    b'\x3d\xaf\x3d\xaf\x45\xd0\x3d\xb0\x3d\x8f\x3d\xaf\x3d\xb0\x3d\xaf\x3d\xb0\x3d\xaf\x3d\xb0\x3d\xb0\x3d\xaf\x3d\xb0\x3d\xaf\x3d\xb0'
    b'\x3d\xaf\x3d\x8f\x45\xb0\x3d\xaf\x3d\x8f\x3d\x8f\x3d\x8f\x35\x8f\x3d\x8f\x3d\xb0\x3d\xb0\x3d\xb0\x3d\xb0\x3d\xb0\x3d\xb0\x3d\xaf'
    b'\x35\x8f\x3d\x8f\x3d\x8f\x3d\x8f\x3d\x8f\x3d\x8f\x3d\xb0\x3d\xb0\x3d\xb0\x3d\x8f\x3d\x8f\x3d\x8f\x3d\x8f\x3d\x8f\x3d\x8f\x3d\xb0'
    b'\x45\xd0\x3d\x8f\x3d\x8f\x45\xd0\x3d\xb0\x3d\x8f\x3d\x8f\x3d\x8f\x3d\x8f\x3d\x8f\x45\xb0\x3d\x8f\x3d\x8f\x3d\x8f\x3d\x8f\x3d\x8f'
    b'\x45\xb0\x3d\x8f\x3d\x8f\x3d\x8f\x45\xb0\x3d\x8f\x45\xb0\x3d\xaf\x3d\x8f\x3d\xaf\x45\xb0\x3d\x8f\x3d\x8f\x3d\x8f\x3d\x8f\x3d\xaf'
    b'\x45\xb0\x3d\x8f\x3d\xaf\x45\xd0\x3d\x8f\x3d\x8f\x3d\x8f\x3d\x8f\x3d\x8f\x3d\x8f\x45\xd0\x45\xd0\x3d\x8f\x45\xd0\x45\xd0\x3d\x8f'
    b'\x45\xd0\x45\xd0\x3d\x8f\x3d\x8f\x3d\x8f\x45\xb0\x3d\xb0\x45\xd0\x3d\xaf\x3d\x8f\x45\xd0\x3d\xb0\x3d\x8f\x45\xd0\x3d\xb0\x3d\x8f'
    b'\x45\xb0\x3d\x8f\x45\xb0\x3d\xaf\x3d\x8f\x3d\x8f\x3d\x8f\x3d\x8f\x3d\x8f\x3d\x8f\x3d\x8f\x3d\xaf\x45\xd0\x3d\x8f\x45\xd0\x45\xb0'
    b'\x45\xb0\x45\xd0\x3d\x8f\x45\xd0\x45\xd0\x3d\x8f\x3d\x8f\x3d\xb0\x3d\xaf\x3d\xb0\x3d\xb0\x3d\xaf\x3d\xb0\x3d\xaf\x3d\xb0\x3d\xb0'
    b'\x3d\xaf\x45\xb0\x3d\x8f\x3d\xb0\x3d\xaf\x3d\xb0\x3d\xb0\x3d\xaf\x3d\xb0\x3d\x8f\x3d\xb0\x3d\xb0\x3d\x8f\x45\xb0\x3d\x8f\x45\xb0'
    b'\x3d\x8f\x3d\x8f\x3d\x8f\x3d\x8f\x3d\x8f\x3d\x8f\x3d\x8f\x3d\x8f\x3d\x8f\x3d\x8f\x3d\x8f\x3d\x8f\x3d\x8f\x3d\x8f\x3d\x8f\x3d\x8f'
    b'\x3d\x8f\x3d\x8f\x45\xb0\x3d\xaf\x3d\x8f\x3d\x8f\x45\xb0\x55\xf1\x45\xd0\x45\xb0\x3d\xb0\x3d\xb0\x3d\xb0\x3d\xb0\x3d\xb0\x45\xd0'
    b'\x4d\xf1\x4d\xf1\x3d\x8f\x3d\x8f\x3d\xb0\x4d\xf1\x45\xd0\x3d\xb0\x3d\xb0\x4d\xf1\x45\xb0\x3d\x8f\x3d\x8f\x3d\x8f\x3d\x8f\x3d\xb0'
    b'\x45\xd0\x3d\x8f\x3d\x8f\x45\xd0\x3d\xb0\x3d\x8f\x3d\x8f\x3d\x8f\x3d\x8f\x3d\x8f\x45\xd0\x3d\xaf\x3d\xb0\x3d\xb0\x3d\xb0\x3d\xb0'
    b'\x45\xd0\x3d\x8f\x3d\x8f\x3d\x8f\x45\xb0\x3d\x8f\x45\xb0\x3d\xaf\x3d\x8f\x3d\xaf\x45\xd0\x3d\xaf\x3d\xb0\x3d\xb0\x3d\xb0\x3d\xb0'
    b'\x45\xb0\x3d\xaf\x45\xd0\x3d\x8f\x3d\x8f\x3d\x8f\x3d\x8f\x3d\x8f\x3d\x8f\x3d\xb0\x45\xb0\x3d\xb0\x45\xd0\x3d\xb0\x45\xb0\x45\xd0'
    b'\x45\xb0\x45\xb0\x3d\xb0\x3d\x8f\x3d\x8f\x45\xb0\x3d\xb0\x45\xd0\x45\xb0\x3d\xb0\x45\xd0\x45\xd0\x3d\xb0\x45\xd0\x45\xd0\x3d\xb0'
    b'\x45\xd0\x3d\x8f\x45\xb0\x3d\xaf\x3d\xb0\x3d\xb0\x3d\xaf\x3d\xb0\x3d\xaf\x3d\xaf\x3d\xb0\x3d\x8f\x45\xd0\x3d\x8f\x3d\xb0\x3d\xb0'
    b'\x3d\xb0\x3d\xb0\x3d\x8f\x3d\x8f\x3d\x8f\x3d\x8f\x3d\x8f\x3d\x8f\x3d\x8f\x3d\x8f\x3d\x8f\x3d\x8f\x3d\x8f\x3d\x8f\x3d\x8f\x3d\x8f'
    b'\x3d\xaf\x3d\xb0\x3d\xb0\x45\xd0\x45\xd0\x45\xb0\x45\xd0\x45\xd0\x45\xd0\x45\xb0\x3d\xb0\x3d\xb0\x3d\x8f\x45\xb0\x3d\x8f\x45\xb0'
    b'\x3d\x8f\x3d\x8f\x3d\x8f\x3d\x8f\x3d\x8f\x3d\x8f\x3d\x8f\x3d\x8f\x3d\x8f\x3d\x8f\x3d\x8f\x3d\x8f\x3d\x8f\x3d\x8f\x3d\x8f\x3d\x8f'
    b'\x3d\x8f\x3d\x8f\x45\xb0\x3d\xaf\x3d\x8f\x3d\x8f\x45\xd0\x56\x12\x45\xd0\x3d\xb0\x3d\xaf\x3d\xaf\x3d\xaf\x3d\xaf\x3d\xaf\x45\xd0'
    b'\x55\xf1\x4d\xf1\x3d\x8f\x3d\x8f\x3d\xaf\x4d\xf1\x3d\xb0\x3d\x8f\x3d\xaf\x4d\xf1\x45\xb0\x3d\x8f\x3d\x8f\x3d\x8f\x3d\x8f\x3d\x8f'
    b'\x3d\x8f\x3d\x8f\x3d\x8f\x3d\x8f\x3d\x8f\x3d\x8f\x3d\x8f\x3d\x8f\x3d\x8f\x3d\x8f\x3d\xb0\x45\xd1\x3d\xb0\x45\xd0\x3d\xb0\x4d\xd1'
    b'\x3d\xb0\x3d\x8f\x3d\x8f\x3d\x8f\x45\xb0\x3d\x8f\x45\xb0\x3d\xaf\x3d\x8f\x3d\x8f\x45\xd0\x45\xd0\x3d\xb0\x45\xd0\x45\xb0\x45\xd0'
    b'\x3d\xaf\x45\xd0\x3d\x8f\x3d\x8f\x3d\x8f\x3d\x8f\x3d\x8f\x3d\x8f\x3d\x8f\x3d\xb0\x3d\xaf\x3d\xb0\x45\xd0\x3d\xaf\x3d\xaf\x45\xd0'
    b'\x3d\xaf\x3d\xb0\x3d\xb0\x3d\x8f\x3d\x8f\x45\xb0\x3d\xb0\x3d\xb0\x3d\xb0\x3d\xb0\x3d\xaf\x3d\xb0\x3d\xb0\x3d\xaf\x3d\xb0\x3d\xb0'
    b'\x3d\xaf\x3d\x8f\x45\xb0\x3d\xb0\x45\xd0\x45\xd0\x45\xd0\x45\xd0\x45\xd0\x45\xd0\x45\xd0\x3d\xb0\x45\xb0\x3d\x8f\x3d\xb0\x3d\xb0'
    b'\x3d\xb0\x3d\xb0\x3d\x8f\x3d\x8f\x3d\x8f\x3d\x8f\x3d\x8f\x3d\x8f\x3d\x8f\x3d\x8f\x3d\x8f\x3d\x8f\x3d\x8f\x3d\x8f\x3d\x8f\x3d\x8f'
    b'\x3d\xaf\x3d\xb0\x3d\xb0\x3d\xaf\x45\xd0\x3d\xb0\x3d\xaf\x45\xd0\x3d\xaf\x3d\xb0\x3d\xb0\x3d\xb0\x3d\x8f\x45\xb0\x3d\x8f\x45\xb0'
    b'\x3d\x8f\x3d\x8f\x3d\xaf\x45\xd0\x3d\xb0\x45\xb0\x45\xb0\x3d\xb0\x45\xd0\x3d\xb0\x3d\xb0\x45\xd0\x3d\xb0\x45\xd0\x3d\xb0\x3d\xb0'
    b'\x45\xb0\x3d\x8f\x45\xb0\x3d\xaf\x3d\x8f\x3d\x8f\x3d\x8f\x35\x8f\x3d\xaf\x45\xd0\x45\xd0\x45\xd0\x45\xd0\x45\xd0\x45\xd0\x3d\xb0'
    b'\x35\x8f\x35\x8f\x3d\x8f\x3d\x8f\x3d\xaf\x4d\xf1\x3d\xb0\x3d\x8f\x3d\xaf\x4d\xf1\x45\xb0\x3d\x8f\x3d\x8f\x3d\x8f\x3d\x8f\x3d\xaf'
    b'\x3d\x8f\x3d\x8f\x3d\x8f\x3d\xb0\x45\xd0\x3d\x8f\x3d\x8f\x3d\x8f\x3d\x8f\x3d\x8f\x45\xd0\x5e\x33\x3d\xb0\x45\xb0\x45\xb0\x5e\x33'
    b'\x45\xb0\x3d\x8f\x3d\x8f\x3d\x8f\x45\xb0\x3d\x8f\x45\xb0\x3d\xaf\x3d\x8f\x35\x8f\x4d\xf1\x5e\x12\x3d\xaf\x3d\xb0\x4d\xd1\x5e\x32'
    b'\x3d\xaf\x45\xb0\x3d\x8f\x3d\x8f\x3d\x8f\x3d\x8f\x3d\x8f\x3d\x8f\x3d\x8f\x3d\xb0\x3d\xaf\x3d\xb0\x45\xd0\x3d\xaf\x3d\xaf\x45\xd0'
    b'\x3d\xaf\x3d\xb0\x3d\xb0\x3d\x8f\x3d\x8f\x45\xb0\x3d\xb0\x3d\xb0\x3d\x8f\x3d\x8f\x3d\x8f\x3d\x8f\x3d\x8f\x3d\x8f\x3d\x8f\x3d\x8f'
    b'\x3d\x8f\x3d\x8f\x45\xb0\x3d\xb0\x3d\xb0\x3d\xb0\x45\xd0\x3d\xaf\x45\xd0\x3d\xb0\x3d\xb0\x3d\xb0\x45\xb0\x3d\x8f\x3d\xb0\x3d\xb0'
    b'\x3d\xb0\x3d\xb0\x3d\x8f\x3d\x8f\x3d\xb0\x45\xb0\x3d\xb0\x45\xd0\x3d\xb0\x45\xb0\x45\xb0\x3d\xb0\x45\xd0\x3d\xb0\x3d\xb0\x45\xd0'
    b'\x3d\xaf\x3d\xb0\x3d\xb0\x45\xb0\x45\xd0\x45\xb0\x45\xd0\x45\xd0\x45\xb0\x45\xb0\x3d\xb0\x3d\xb0\x3d\x8f\x45\xb0\x3d\x8f\x45\xb0'
    b'\x3d\x8f\x3d\x8f\x3d\xaf\x45\xd0\x45\xb0\x45\xd0\x45\xd0\x3d\xb0\x45\xd0\x45\xb0\x45\xb0\x45\xd0\x3d\xb0\x45\xd0\x45\xb0\x45\xb0'
    b'\x45\xd0\x3d\x8f\x45\xb0\x3d\xaf\x3d\x8f\x3d\x8f\x45\xb0\x55\xf1\x45\xd0\x3d\xb0\x3d\xaf\x3d\xb0\x3d\xb0\x3d\xb0\x3d\xb0\x45\xd0'
    b'\x4d\xf1\x4d\xf1\x3d\x8f\x3d\x8f\x3d\xaf\x4d\xf1\x3d\xb0\x3d\x8f\x3d\xaf\x4d\xf1\x45\xb0\x3d\x8f\x3d\x8f\x3d\x8f\x3d\xb0\x4d\xf1'
    b'\x45\xd0\x3d\x8f\x3d\x8f\x3d\xb0\x45\xd0\x3d\x8f\x3d\x8f\x3d\x8f\x3d\x8f\x3d\x8f\x3d\xaf\x45\xb0\x45\xd0\x5e\x33\x45\xb0\x45\xb0'
    b'\x3d\xaf\x3d\x8f\x3d\x8f\x3d\x8f\x45\xb0\x3d\x8f\x45\xb0\x3d\xaf\x3d\x8f\x3d\x8f\x45\xb0\x3d\xb0\x4d\xf1\x5e\x32\x3d\xb0\x45\xb0'
    b'\x3d\xaf\x45\xb0\x3d\x8f\x3d\x8f\x3d\x8f\x3d\x8f\x3d\x8f\x3d\x8f\x3d\x8f\x3d\xb0\x3d\xaf\x3d\xb0\x45\xd0\x3d\xaf\x3d\xaf\x45\xd0'
    b'\x3d\xaf\x3d\xb0\x3d\xb0\x3d\x8f\x3d\x8f\x45\xb0\x45\xd0\x45\xd0\x3d\x8f\x3d\x8f\x3d\x8f\x3d\x8f\x3d\x8f\x3d\x8f\x3d\x8f\x3d\x8f'
    b'\x3d\x8f\x3d\x8f\x45\xb0\x3d\xb0\x45\xb0\x45\xd0\x45\xd0\x45\xb0\x45\xd0\x45\xd0\x45\xd0\x3d\xb0\x45\xb0\x3d\x8f\x3d\xb0\x3d\xb0'
    b'\x3d\xb0\x3d\xb0\x3d\x8f\x3d\x8f\x45\xb0\x45\xd0\x3d\xb0\x45\xd0\x45\xb0\x45\xb0\x45\xd0\x3d\xb0\x45\xd0\x45\xb0\x45\xb0\x45\xd0'
    b'\x3d\xaf\x45\xb0\x3d\xaf\x45\xb0\x3d\xaf\x3d\xb0\x3d\xb0\x3d\xaf\x45\xb0\x3d\xaf\x3d\xb0\x3d\xb0\x3d\x8f\x45\xb0\x3d\x8f\x45\xb0'
    b'\x3d\x8f\x3d\x8f\x3d\x8f\x3d\x8f\x3d\x8f\x3d\x8f\x3d\x8f\x3d\x8f\x3d\x8f\x3d\x8f\x3d\x8f\x3d\x8f\x3d\x8f\x3d\x8f\x3d\x8f\x3d\x8f'
    b'\x3d\x8f\x3d\x8f\x45\xb0\x3d\xaf\x3d\x8f\x3d\x8f\x45\xd0\x5e\x12\x45\xd0\x3d\xb0\x3d\xaf\x3d\xaf\x3d\xaf\x3d\xaf\x3d\xaf\x45\xd0'
    b'\x56\x11\x55\xf1\x3d\x8f\x3d\x8f\x3d\xaf\x4d\xf1\x3d\xb0\x3d\x8f\x3d\xaf\x4d\xf1\x45\xb0\x3d\x8f\x3d\x8f\x3d\x8f\x45\xb0\x4d\xf1'
    b'\x45\xd0\x3d\x8f\x3d\x8f\x3d\xaf\x45\xb0\x3d\x8f\x3d\x8f\x3d\x8f\x3d\x8f\x3d\x8f\x3d\x8f\x3d\x8f\x3d\xaf\x45\xd0\x3d\x8f\x3d\x8f'
    b'\x3d\x8f\x3d\x8f\x3d\x8f\x3d\x8f\x45\xb0\x3d\x8f\x45\xb0\x3d\xaf\x3d\x8f\x3d\x8f\x3d\x8f\x35\x8f\x3d\xb0\x45\xd0\x3d\x8f\x3d\x8f'
    b'\x3d\xb0\x45\xd0\x3d\x8f\x3d\x8f\x3d\x8f\x3d\x8f\x3d\x8f\x3d\x8f\x3d\x8f\x3d\xb0\x3d\xaf\x3d\xb0\x45\xd0\x3d\xaf\x3d\xaf\x45\xd0'
    b'\x3d\xaf\x3d\xb0\x3d\xb0\x3d\x8f\x3d\x8f\x45\xb0\x3d\xb0\x3d\xaf\x3d\x8f\x3d\x8f\x3d\x8f\x3d\x8f\x3d\x8f\x3d\x8f\x3d\x8f\x3d\x8f'
    b'\x3d\x8f\x3d\x8f\x45\xb0\x3d\xaf\x3d\xb0\x3d\xb0\x3d\xaf\x45\xb0\x3d\xaf\x3d\xb0\x3d\xb0\x3d\xaf\x45\xd0\x3d\x8f\x3d\xb0\x3d\xb0'
    b'\x3d\xb0\x3d\xb0\x3d\x8f\x3d\x8f\x3d\x8f\x3d\x8f\x3d\x8f\x3d\x8f\x3d\x8f\x3d\x8f\x3d\x8f\x3d\x8f\x3d\x8f\x3d\x8f\x3d\x8f\x3d\x8f'
    b'\x3d\xaf\x45\xb0\x3d\x8f\x3d\x8f\x3d\x8f\x3d\x8f\x3d\x8f\x3d\x8f\x3d\x8f\x3d\x8f\x3d\xb0\x3d\xb0\x3d\x8f\x45\xb0\x3d\x8f\x45\xb0'
    b'\x3d\x8f\x3d\x8f\x3d\x8f\x3d\x8f\x3d\x8f\x3d\x8f\x3d\x8f\x3d\x8f\x3d\x8f\x3d\x8f\x3d\x8f\x3d\x8f\x3d\x8f\x3d\x8f\x3d\x8f\x3d\x8f'
    b'\x3d\x8f\x3d\x8f\x45\xb0\x3d\xaf\x3d\x8f\x3d\x8f\x3d\x8f\x35\x8f\x3d\xaf\x45\xd0\x45\xd0\x45\xd0\x45\xd0\x45\xd0\x45\xd0\x3d\xb0'
    b'\x35\x8f\x35\x8f\x3d\x8f\x3d\x8f\x3d\xaf\x4d\xf1\x3d\xb0\x3d\x8f\x3d\xaf\x4d\xf1\x45\xb0\x3d\x8f\x3d\x8f\x3d\x8f\x3d\x8f\x45\xd0'
    b'\x3d\xb0\x3d\x8f\x3d\x8f\x3d\xb0\x45\xd0\x3d\xaf\x3d\x8f\x3d\x8f\x3d\x8f\x3d\x8f\x3d\x8f\x3d\x8f\x3d\x8f\x3d\x8f\x3d\x8f\x3d\x8f'
    b'\x3d\x8f\x3d\x8f\x3d\x8f\x3d\x8f\x45\xb0\x3d\x8f\x45\xb0\x3d\xaf\x3d\x8f\x3d\x8f\x3d\x8f\x3d\x8f\x3d\x8f\x3d\x8f\x3d\x8f\x35\x8f'
    b'\x4d\xd1\x5e\x32\x3d\x8f\x3d\x8f\x3d\x8f\x3d\x8f\x3d\x8f\x3d\x8f\x3d\x8f\x3d\xb0\x3d\xaf\x3d\xb0\x45\xd0\x3d\xaf\x3d\xaf\x45\xd0'
    b'\x3d\xaf\x3d\xb0\x3d\xb0\x3d\x8f\x3d\x8f\x45\xb0\x3d\x8f\x3d\x8f\x3d\x8f\x3d\x8f\x3d\x8f\x3d\x8f\x3d\x8f\x3d\x8f\x3d\x8f\x3d\x8f'
    b'\x3d\x8f\x3d\x8f\x45\xb0\x3d\xaf\x3d\x8f\x3d\x8f\x3d\x8f\x3d\x8f\x3d\x8f\x3d\x8f\x3d\x8f\x3d\x8f\x45\xd0\x3d\x8f\x3d\xb0\x3d\xb0'
    b'\x3d\xb0\x3d\xb0\x3d\x8f\x3d\x8f\x3d\x8f\x3d\x8f\x3d\x8f\x3d\x8f\x3d\x8f\x3d\x8f\x3d\x8f\x3d\x8f\x3d\x8f\x3d\x8f\x3d\x8f\x3d\x8f'
    b'\x3d\xaf\x45\xb0\x3d\x8f\x3d\x8f\x3d\x8f\x3d\x8f\x3d\x8f\x3d\x8f\x3d\xaf\x3d\x8f\x3d\xb0\x3d\xb0\x3d\x8f\x45\xb0\x3d\x8f\x45\xb0'
    b'\x3d\x8f\x3d\x8f\x3d\x8f\x3d\x8f\x3d\x8f\x3d\x8f\x3d\x8f\x3d\x8f\x3d\x8f\x3d\x8f\x3d\x8f\x3d\x8f\x3d\x8f\x3d\x8f\x3d\x8f\x3d\x8f'
    b'\x3d\x8f\x3d\x8f\x45\xb0\x3d\xaf\x3d\x8f\x3d\x8f\x45\xb0\x4d\xf1\x45\xd0\x45\xb0\x3d\xb0\x3d\xb0\x3d\xb0\x3d\xb0\x3d\xb0\x45\xd0'
    b'\x4d\xf1\x4d\xd1\x3d\x8f\x3d\x8f\x3d\xaf\x4d\xf1\x3d\xb0\x3d\x8f\x3d\xaf\x4d\xf1\x45\xb0\x3d\x8f\x3d\x8f\x3d\x8f\x3d\x8f\x45\xb0'
    b'\x3d\xaf\x3d\x8f\x3d\x8f\x3d\xaf\x45\xd0\x3d\x8f\x3d\x8f\x3d\x8f\x3d\x8f\x3d\x8f\x3d\x8f\x3d\x8f\x3d\x8f\x3d\x8f\x3d\x8f\x3d\x8f'
    b'\x3d\x8f\x3d\x8f\x3d\x8f\x3d\x8f\x45\xb0\x3d\x8f\x45\xb0\x3d\xaf\x3d\x8f\x3d\x8f\x3d\x8f\x3d\x8f\x3d\x8f\x3d\x8f\x3d\x8f\x3d\x8f'
    b'\x3d\xb0\x45\xd0\x3d\x8f\x3d\x8f\x3d\x8f\x3d\x8f\x3d\x8f\x3d\x8f\x3d\x8f\x3d\xb0\x45\xb0\x3d\xb0\x45\xd0\x3d\xb0\x45\xb0\x45\xd0'
    b'\x45\xb0\x45\xb0\x3d\xb0\x3d\x8f\x3d\x8f\x45\xb0\x3d\x8f\x3d\x8f\x3d\x8f\x3d\x8f\x3d\x8f\x3d\x8f\x3d\x8f\x3d\x8f\x3d\x8f\x3d\x8f'
    b'\x3d\x8f\x3d\x8f\x45\xb0\x3d\xaf\x3d\x8f\x3d\x8f\x3d\x8f\x3d\x8f\x3d\x8f\x3d\x8f\x3d\xaf\x3d\x8f\x45\xd0\x3d\x8f\x3d\xb0\x3d\xb0'
    b'\x3d\xb0\x3d\xb0\x3d\x8f\x3d\x8f\x3d\x8f\x3d\x8f\x3d\x8f\x3d\x8f\x3d\x8f\x3d\x8f\x3d\x8f\x3d\x8f\x3d\x8f\x3d\x8f\x3d\x8f\x3d\x8f'
    b'\x3d\xaf\x45\xb0\x3d\x8f\x3d\x8f\x3d\x8f\x3d\x8f\x3d\x8f\x3d\x8f\x45\xd0\x45\xd0\x45\xd0\x3d\xaf\x3d\x8f\x45\xb0\x3d\x8f\x45\xb0'
    b'\x3d\x8f\x3d\x8f\x3d\x8f\x3d\x8f\x3d\xaf\x3d\xaf\x45\xd0\x45\xb0\x45\xb0\x45\xb0\x45\xd0\x3d\xb0\x3d\xaf\x3d\x8f\x3d\x8f\x3d\xaf'
    b'\x45\xb0\x45\xb0\x45\xd0\x3d\xaf\x3d\x8f\x3d\x8f\x45\xd0\x5e\x12\x45\xd0\x3d\xb0\x3d\xaf\x3d\xaf\x3d\xaf\x3d\xaf\x3d\xaf\x45\xd0'
    b'\x56\x12\x55\xf1\x3d\x8f\x3d\x8f\x3d\xaf\x4d\xf1\x3d\xb0\x3d\x8f\x3d\xaf\x4d\xf1\x45\xb0\x3d\x8f\x3d\x8f\x3d\x8f\x3d\x8f\x3d\xb0'
    b'\x3d\xaf\x3d\x8f\x3d\x8f\x3d\xaf\x45\xd0\x3d\x8f\x3d\x8f\x3d\x8f\x3d\x8f\x3d\x8f\x3d\x8f\x3d\x8f\x3d\x8f\x3d\x8f\x3d\x8f\x3d\x8f'
    b'\x3d\x8f\x3d\x8f\x3d\x8f\x3d\x8f\x45\xb0\x3d\x8f\x45\xb0\x3d\xaf\x3d\x8f\x3d\x8f\x3d\x8f\x3d\x8f\x3d\x8f\x3d\x8f\x3d\x8f\x3d\x8f'
    b'\x3d\x8f\x35\x8f\x3d\x8f\x3d\x8f\x3d\x8f\x3d\x8f\x3d\x8f\x3d\x8f\x3d\x8f\x3d\x8f\x4d\xf1\x4d\xd0\x35\x8f\x4d\xf1\x4d\xd1\x35\x8f'
    b'\x4d\xd1\x4d\xd1\x3d\x8f\x3d\x8f\x3d\x8f\x45\xb0\x3d\xaf\x3d\x8f\x3d\xaf\x45\xd0\x45\xb0\x3d\xb0\x3d\xb0\x45\xb0\x45\xd0\x3d\xb0'
    b'\x3d\x8f\x3d\x8f\x45\xb0\x3d\xaf\x3d\x8f\x3d\x8f\x3d\x8f\x3d\x8f\x3d\x8f\x3d\xb0\x45\xd0\x45\xd0\x45\xd0\x3d\x8f\x3d\xb0\x3d\xb0'
    b'\x3d\xb0\x3d\xb0\x3d\x8f\x3d\x8f\x3d\x8f\x3d\xaf\x3d\x8f\x3d\xb0\x45\xd0\x45\xb0\x45\xb0\x45\xb0\x45\xb0\x3d\x8f\x3d\xaf\x3d\x8f'
    b'\x3d\xaf\x45\xb0\x3d\x8f\x3d\x8f\x3d\x8f\x3d\x8f\x3d\x8f\x3d\x8f\x3d\xb0\x3d\xb0\x3d\x8f\x3d\x8f\x3d\x8f\x45\xb0\x3d\x8f\x45\xb0'
    b'\x3d\x8f\x3d\x8f\x3d\x8f\x3d\xb0\x5e\x32\x45\xd0\x3d\xb0\x3d\x8f\x3d\x8f\x3d\x8f\x3d\xb0\x45\xd0\x5e\x32\x4d\xd1\x35\x8f\x3d\xaf'
    b'\x45\xd0\x3d\x8f\x3d\x8f\x3d\x8f\x3d\x8f\x3d\x8f\x3d\x8f\x35\x8f\x3d\xaf\x45\xd0\x45\xd0\x45\xd0\x45\xd0\x45\xd0\x45\xd0\x3d\xb0'
    b'\x35\x8f\x35\x8f\x3d\x8f\x3d\x8f\x3d\xaf\x4d\xf1\x3d\xb0\x3d\x8f\x3d\xaf\x4d\xf1\x45\xb0\x3d\x8f\x3d\x8f\x3d\x8f\x3d\x8f\x45\xd0'
    b'\x3d\xb0\x3d\x8f\x3d\x8f\x3d\xb0\x45\xd0\x3d\x8f\x3d\x8f\x3d\x8f\x3d\x8f\x3d\xb0\x3d\xb0\x3d\xaf\x3d\xaf\x3d\xaf\x3d\xaf\x3d\xaf'
    b'\x3d\xaf\x3d\xaf\x3d\xaf\x3d\xb0\x45\xd0\x3d\x8f\x45\xb0\x3d\xaf\x45\xb0\x3d\xaf\x3d\x8f\x3d\x8f\x45\xb0\x3d\xaf\x3d\x8f\x3d\x8f'
    b'\x45\xb0\x3d\xb0\x3d\x8f\x3d\x8f\x3d\x8f\x3d\x8f\x3d\x8f\x3d\x8f\x3d\x8f\x3d\x8f\x56\x12\x4d\xf1\x35\x8f\x56\x11\x55\xf1\x35\x8f'
    b'\x55\xf1\x55\xf1\x3d\x8f\x3d\x8f\x3d\x8f\x45\xb0\x3d\xaf\x3d\x8f\x3d\xb0\x45\xd0\x3d\x8f\x45\xd0\x4d\xf1\x3d\xaf\x3d\xb0\x45\xb0'
    b'\x3d\x8f\x3d\x8f\x45\xb0\x3d\xaf\x3d\x8f\x3d\x8f\x3d\x8f\x3d\x8f\x3d\x8f\x3d\xaf\x3d\xb0\x3d\xaf\x3d\x8f\x3d\x8f\x3d\xb0\x3d\xb0'
    b'\x3d\xb0\x3d\xb0\x3d\x8f\x3d\x8f\x35\x8f\x55\xf1\x56\x12\x45\xb0\x3d\xaf\x3d\x8f\x3d\x8f\x3d\x8f\x3d\xb0\x4d\xf1\x5e\x32\x3d\x8f'
    b'\x3d\xaf\x45\xb0\x3d\x8f\x3d\x8f\x3d\x8f\x3d\x8f\x3d\x8f\x3d\x8f\x3d\x8f\x3d\x8f\x3d\x8f\x3d\x8f\x3d\x8f\x45\xb0\x3d\x8f\x45\xb0'
    b'\x3d\x8f\x3d\x8f\x3d\x8f\x3d\xaf\x45\xd0\x3d\xb0\x45\xd0\x45\xb0\x45\xb0\x45\xb0\x45\xd0\x3d\xb0\x45\xd0\x3d\xb0\x3d\x8f\x3d\xaf'
    b'\x45\xb0\x3d\x8f\x3d\x8f\x3d\x8f\x3d\x8f\x3d\x8f\x45\xb0\x4d\xf1\x45\xd0\x45\xb0\x3d\xb0\x3d\xb0\x3d\xb0\x3d\xb0\x3d\xb0\x45\xb0'
    b'\x4d\xd1\x4d\xd1\x3d\x8f\x3d\x8f\x3d\xaf\x4d\xf1\x3d\xb0\x3d\x8f\x3d\xaf\x4d\xf1\x45\xb0\x3d\x8f\x3d\x8f\x3d\x8f\x45\xb0\x4d\xf1'
    b'\x45\xd1\x3d\x8f\x3d\x8f\x3d\xaf\x45\xb0\x3d\x8f\x3d\x8f\x3d\x8f\x3d\x8f\x45\xd0\x45\xd0\x3d\xb0\x45\xb0\x3d\xb0\x45\xb0\x45\xb0'
    b'\x45\xb0\x45\xb0\x45\xb0\x45\xb0\x3d\xb0\x3d\x8f\x45\xb0\x3d\xaf\x45\xd0\x3d\xb0\x3d\x8f\x3d\x8f\x45\xd0\x3d\xb0\x3d\x8f\x3d\x8f'
    b'\x45\xd0\x3d\xb0\x3d\x8f\x3d\x8f\x3d\x8f\x3d\x8f\x3d\x8f\x3d\x8f\x3d\x8f\x3d\xaf\x3d\x8f\x3d\x8f\x3d\x8f\x3d\x8f\x3d\x8f\x3d\x8f'
    b'\x3d\x8f\x3d\x8f\x3d\x8f\x3d\x8f\x3d\x8f\x45\xb0\x3d\xaf\x3d\x8f\x3d\xb0\x3d\xb0\x3d\xaf\x5e\x33\x66\x53\x4d\xd0\x3d\x8f\x45\xb0'
    b'\x3d\x8f\x3d\x8f\x45\xb0\x3d\xaf\x3d\x8f\x3d\x8f\x3d\x8f\x3d\x8f\x3d\x8f\x3d\x8f\x3d\x8f\x3d\x8f\x3d\x8f\x3d\x8f\x3d\xb0\x3d\xb0'
    b'\x3d\xb0\x3d\xb0\x3d\x8f\x3d\x8f\x3d\x8f\x45\xb0\x45\xd0\x45\xb0\x45\xd0\x45\xb0\x45\xb0\x45\xb0\x45\xd0\x45\xb0\x45\xd0\x3d\x8f'
    b'\x3d\xaf\x45\xb0\x3d\x8f\x3d\x8f\x3d\x8f\x3d\x8f\x3d\x8f\x3d\x8f\x3d\x8f\x3d\x8f\x3d\x8f\x3d\x8f\x3d\x8f\x45\xb0\x3d\x8f\x45\xb0'
    b'\x3d\x8f\x3d\x8f\x3d\x8f\x3d\x8f\x3d\x8f\x3d\x8f\x3d\xaf\x3d\xaf\x45\xd0\x3d\xaf\x3d\xaf\x3d\x8f\x3d\x8f\x3d\x8f\x3d\x8f\x3d\xaf'
    b'\x45\xb0\x3d\x8f\x3d\x8f\x3d\x8f\x3d\x8f\x3d\x8f\x45\xd0\x5e\x32\x45\xd0\x3d\xb0\x3d\xaf\x3d\xaf\x3d\xaf\x3d\xaf\x3d\xaf\x45\xd0'
    b'\x56\x12\x56\x11\x3d\x8f\x3d\x8f\x3d\xaf\x4d\xd1\x45\xd0\x45\xb0\x45\xd0\x4d\xd1\x45\xb0\x3d\x8f\x3d\x8f\x3d\x8f\x45\xb0\x45\xd0'
    b'\x45\xd0\x3d\x8f\x3d\x8f\x3d\xb0\x45\xd0\x3d\x8f\x3d\x8f\x3d\x8f\x3d\x8f\x3d\xb0\x3d\xaf\x3d\x8f\x3d\x8f\x3d\x8f\x3d\x8f\x3d\x8f'
    b'\x3d\x8f\x3d\x8f\x3d\x8f\x3d\x8f\x3d\x8f\x3d\x8f\x45\xb0\x3d\x8f\x45\xb0\x3d\xaf\x3d\x8f\x3d\x8f\x45\xb0\x3d\xaf\x3d\x8f\x3d\x8f'
    b'\x45\xb0\x45\xd0\x45\xb0\x45\xb0\x45\xb0\x45\xb0\x45\xb0\x45\xb0\x45\xd0\x45\xd0\x3d\xaf\x3d\x8f\x3d\x8f\x3d\x8f\x3d\x8f\x3d\x8f'
    b'\x3d\x8f\x3d\x8f\x3d\x8f\x3d\x8f\x3d\x8f\x45\xb0\x3d\xaf\x3d\x8f\x3d\xb0\x3d\xb0\x3d\x8f\x55\xf1\x5e\x12\x3d\xb0\x3d\x8f\x45\xb0'
    b'\x3d\x8f\x3d\x8f\x45\xb0\x3d\xaf\x3d\x8f\x3d\x8f\x3d\x8f\x3d\x8f\x3d\x8f\x3d\x8f\x3d\xaf\x3d\x8f\x3d\x8f\x3d\x8f\x3d\xb0\x3d\xb0'
    b'\x3d\xb0\x3d\xb0\x3d\x8f\x3d\x8f\x3d\x8f\x3d\x8f\x3d\x8f\x3d\x8f\x3d\xaf\x3d\xb0\x45\xd0\x3d\x8f\x3d\xaf\x3d\x8f\x3d\x8f\x3d\x8f'
    b'\x3d\xaf\x45\xd0\x3d\x8f\x3d\x8f\x3d\x8f\x3d\x8f\x3d\x8f\x3d\x8f\x45\xd0\x45\xd0\x45\xb0\x45\xb0\x45\xd0\x45\xd0\x3d\x8f\x45\xb0'
    b'\x3d\x8f\x3d\x8f\x3d\x8f\x3d\x8f\x3d\x8f\x3d\x8f\x3d\x8f\x3d\x8f\x45\xb0\x3d\xaf\x3d\x8f\x3d\x8f\x3d\x8f\x3d\x8f\x3d\x8f\x3d\xaf'
    b'\x45\xb0\x3d\x8f\x35\x8f\x3d\x8f\x3d\x8f\x3d\x8f\x3d\x8f\x3d\x8f\x3d\xaf\x45\xb0\x45\xb0\x45\xb0\x45\xb0\x45\xb0\x45\xb0\x3d\xb0'
    b'\x3d\x8f\x3d\x8f\x3d\x8f\x3d\x8f\x3d\x8f\x3d\x8f\x3d\xaf\x3d\xaf\x3d\xaf\x3d\x8f\x3d\x8f\x3d\x8f\x3d\x8f\x45\xb0\x3d\xb0\x3d\x8f'
    b'\x3d\x8f\x3d\x8f\x3d\x8f\x3d\xaf\x45\xd0\x3d\x8f\x3d\x8f\x3d\x8f\x3d\x8f\x3d\xb0\x3d\xb0\x3d\x8f\x3d\xb0\x45\xd0\x45\xd0\x45\xb0'
    b'\x45\xb0\x45\xb0\x45\xb0\x45\xd0\x3d\xaf\x3d\x8f\x45\xd0\x3d\x8f\x45\xb0\x3d\xaf\x3d\x8f\x3d\x8f\x45\xb0\x3d\xaf\x3d\x8f\x3d\x8f'
    b'\x3d\x8f\x3d\xaf\x3d\x8f\x3d\x8f\x3d\x8f\x3d\x8f\x3d\x8f\x3d\x8f\x3d\xaf\x45\xb0\x3d\x8f\x3d\x8f\x3d\x8f\x3d\x8f\x3d\x8f\x3d\x8f'
    b'\x3d\x8f\x3d\x8f\x3d\x8f\x3d\x8f\x3d\x8f\x45\xb0\x3d\xaf\x3d\x8f\x3d\xb0\x45\xd0\x3d\xb0\x45\xb0\x45\xb0\x3d\xb0\x45\xd0\x45\xb0'
    b'\x3d\x8f\x3d\x8f\x45\xb0\x3d\xb0\x3d\x8f\x3d\x8f\x3d\x8f\x3d\x8f\x3d\x8f\x3d\xb0\x45\xd0\x45\xd0\x45\xb0\x45\xb0\x45\xd0\x3d\xaf'
    b'\x3d\xb0\x3d\xb0\x3d\x8f\x3d\x8f\x3d\x8f\x3d\x8f\x3d\x8f\x3d\x8f\x3d\x8f\x3d\xaf\x45\xb0\x3d\x8f\x3d\x8f\x3d\x8f\x3d\x8f\x3d\x8f'
    b'\x3d\x8f\x3d\xb0\x45\xd0\x3d\xaf\x3d\x8f\x3d\x8f\x3d\x8f\x3d\x8f\x3d\xb0\x3d\xb0\x3d\xaf\x3d\xaf\x3d\xaf\x3d\x8f\x3d\x8f\x45\xb0'
    b'\x3d\x8f\x3d\x8f\x3d\x8f\x3d\x8f\x3d\x8f\x3d\x8f\x3d\x8f\x3d\x8f\x45\xb0\x3d\xaf\x3d\x8f\x3d\x8f\x3d\x8f\x3d\x8f\x3d\x8f\x3d\xaf'
    b'\x3d\xb0\x45\xb0\x4d\xf1\x3d\x8f\x3d\x8f\x3d\x8f\x3d\x8f\x3d\x8f\x3d\x8f\x3d\x8f\x3d\x8f\x3d\x8f\x3d\x8f\x3d\x8f\x3d\x8f\x3d\x8f'
    b'\x3d\x8f\x3d\x8f\x3d\x8f\x3d\x8f\x3d\x8f\x3d\x8f\x3d\x8f\x3d\x8f\x3d\x8f\x3d\x8f\x3d\x8f\x3d\x8f\x45\xb0\x3d\xb0\x3d\x8f\x3d\x8f'
    b'\x3d\x8f\x3d\x8f\x3d\x8f\x3d\xaf\x45\xd0\x3d\x8f\x3d\x8f\x3d\x8f\x3d\x8f\x45\xd0\x45\xb0\x3d\x8f\x3d\xaf\x3d\xb0\x3d\xaf\x3d\xaf'
    b'\x3d\xaf\x3d\xaf\x3d\x8f\x45\xb0\x3d\xb0\x3d\x8f\x45\xd0\x3d\x8f\x45\xb0\x3d\xaf\x3d\x8f\x3d\x8f\x45\xb0\x45\xd0\x45\xb0\x45\xb0'
    b'\x45\xb0\x45\xb0\x45\xb0\x45\xb0\x45\xb0\x45\xb0\x45\xb0\x45\xb0\x45\xd0\x45\xd0\x3d\xaf\x3d\x8f\x3d\x8f\x3d\x8f\x3d\x8f\x3d\x8f'
    b'\x3d\x8f\x3d\x8f\x3d\x8f\x3d\x8f\x3d\x8f\x45\xb0\x3d\xaf\x3d\x8f\x3d\xb0\x45\xd0\x3d\x8f\x3d\xaf\x3d\xaf\x3d\xaf\x3d\xb0\x45\xb0'
    b'\x3d\x8f\x3d\x8f\x3d\x8f\x45\xb0\x3d\xb0\x3d\x8f\x3d\x8f\x3d\x8f\x3d\x8f\x3d\xaf\x3d\xb0\x3d\xaf\x3d\xaf\x3d\xaf\x3d\xaf\x3d\x8f'
    b'\x3d\xb0\x3d\xb0\x3d\x8f\x3d\x8f\x3d\x8f\x3d\x8f\x3d\x8f\x3d\x8f\x3d\x8f\x3d\xaf\x45\xb0\x3d\x8f\x3d\x8f\x3d\x8f\x3d\x8f\x3d\x8f'
    b'\x3d\x8f\x3d\x8f\x3d\xaf\x45\xd0\x3d\xb0\x3d\x8f\x3d\x8f\x3d\x8f\x3d\x8f\x3d\x8f\x3d\x8f\x3d\x8f\x3d\x8f\x3d\x8f\x3d\x8f\x45\xb0'
    b'\x3d\x8f\x3d\x8f\x3d\xb0\x45\xd0\x45\xd0\x45\xd0\x3d\xaf\x3d\x8f\x45\xb0\x3d\xaf\x3d\x8f\x3d\x8f\x3d\x8f\x3d\x8f\x3d\x8f\x3d\xaf'
    b'\x3d\xb0\x45\xd0\x5e\x32\x3d\x8f\x35\x8f\x3d\x8f\x3d\x8f\x3d\x8f\x3d\x8f\x3d\x8f\x3d\x8f\x3d\x8f\x3d\x8f\x3d\x8f\x3d\x8f\x3d\x8f'
    b'\x3d\x8f\x3d\x8f\x3d\x8f\x3d\x8f\x3d\x8f\x3d\x8f\x3d\x8f\x3d\x8f\x3d\x8f\x3d\x8f\x3d\x8f\x45\xb0\x3d\xb0\x3d\x8f\x3d\x8f\x3d\x8f'
    b'\x3d\x8f\x3d\x8f\x3d\x8f\x3d\xb0\x45\xd0\x3d\x8f\x3d\x8f\x3d\x8f\x3d\x8f\x45\xb0\x3d\xb0\x3d\x8f\x3d\x8f\x3d\x8f\x3d\x8f\x3d\x8f'
    b'\x3d\x8f\x3d\x8f\x3d\x8f\x3d\xb0\x3d\xb0\x3d\x8f\x45\xd0\x3d\x8f\x45\xb0\x3d\x8f\x3d\x8f\x3d\x8f\x3d\x8f\x3d\xaf\x3d\xaf\x3d\xaf'
    b'\x3d\xaf\x3d\xaf\x3d\xaf\x3d\xaf\x3d\xaf\x3d\xaf\x3d\xaf\x3d\xaf\x3d\xaf\x45\xb0\x3d\x8f\x3d\x8f\x3d\x8f\x3d\x8f\x3d\x8f\x3d\x8f'
    b'\x3d\x8f\x3d\x8f\x3d\x8f\x3d\x8f\x3d\x8f\x45\xb0\x3d\xaf\x3d\x8f\x3d\xb0\x3d\xb0\x3d\x8f\x3d\x8f\x3d\x8f\x3d\x8f\x3d\xaf\x45\xb0'
    b'\x3d\x8f\x3d\x8f\x3d\x8f\x3d\x8f\x3d\xb0\x45\xb0\x3d\x8f\x3d\x8f\x3d\x8f\x3d\x8f\x3d\x8f\x3d\x8f\x3d\x8f\x3d\x8f\x3d\x8f\x3d\x8f'
    b'\x3d\xb0\x3d\xb0\x3d\x8f\x3d\xaf\x45\xb0\x45\xd0\x45\xd0\x45\xb0\x3d\x8f\x3d\xaf\x45\xb0\x3d\x8f\x3d\x8f\x3d\x8f\x3d\x8f\x3d\x8f'
    b'\x3d\x8f\x3d\x8f\x3d\x8f\x3d\x8f\x45\xb0\x45\xb0\x3d\x8f\x3d\x8f\x3d\xb0\x3d\xb0\x3d\xaf\x3d\xaf\x3d\xaf\x3d\xaf\x3d\xaf\x45\xd0'
    b'\x3d\x8f\x3d\x8f\x45\xd0\x55\xf1\x5e\x32\x4d\xf1\x3d\xb0\x3d\x8f\x45\xb0\x3d\xaf\x3d\x8f\x3d\x8f\x3d\x8f\x3d\x8f\x3d\x8f\x3d\xaf'
    b'\x45\xb0\x3d\xaf\x3d\xb0\x3d\xb0\x4d\xd1\x3d\x8f\x3d\x8f\x3d\xaf\x45\xb0\x3d\x8f\x3d\x8f\x3d\x8f\x3d\x8f\x3d\x8f\x3d\x8f\x3d\x8f'
    b'\x3d\x8f\x3d\x8f\x3d\x8f\x3d\x8f\x3d\x8f\x3d\x8f\x3d\x8f\x3d\x8f\x3d\x8f\x3d\x8f\x45\xb0\x3d\xb0\x3d\x8f\x3d\x8f\x3d\x8f\x3d\x8f'
    b'\x3d\x8f\x3d\x8f\x3d\x8f\x3d\xaf\x45\xb0\x3d\x8f\x3d\x8f\x3d\x8f\x3d\x8f\x3d\xb0\x3d\xb0\x3d\x8f\x3d\x8f\x3d\x8f\x3d\x8f\x3d\x8f'
    b'\x3d\x8f\x3d\x8f\x3d\x8f\x3d\xb0\x3d\xb0\x3d\x8f\x45\xd0\x3d\x8f\x45\xb0\x45\xd0\x45\xb0\x45\xb0\x45\xb0\x45\xb0\x45\xb0\x45\xb0'
    b'\x45\xb0\x45\xb0\x45\xb0\x45\xb0\x45\xb0\x45\xb0\x45\xb0\x45\xb0\x45\xd0\x45\xd0\x3d\xaf\x3d\x8f\x35\x8f\x3d\x8f\x3d\x8f\x3d\x8f'
    b'\x3d\x8f\x3d\x8f\x3d\x8f\x3d\x8f\x3d\x8f\x45\xb0\x3d\xaf\x3d\x8f\x3d\xb0\x3d\xb0\x3d\x8f\x3d\x8f\x3d\x8f\x3d\x8f\x3d\xaf\x45\xb0'
    b'\x3d\x8f\x3d\x8f\x3d\x8f\x3d\x8f\x3d\x8f\x3d\xaf\x45\xd0\x3d\xaf\x3d\x8f\x3d\xaf\x45\xb0\x3d\xaf\x3d\xaf\x3d\xaf\x3d\xaf\x3d\x8f'
    b'\x45\xb0\x3d\xb0\x3d\x8f\x3d\xb0\x45\xd0\x5e\x12\x56\x11\x45\xd0\x3d\x8f\x3d\xaf\x45\xb0\x3d\x8f\x3d\x8f\x3d\x8f\x3d\x8f\x3d\x8f'
    b'\x3d\x8f\x3d\x8f\x3d\x8f\x3d\x8f\x3d\x8f\x3d\xb0\x45\xd0\x3d\xaf\x45\xd0\x45\xd0\x45\xb0\x45\xb0\x45\xb0\x45\xb0\x45\xb0\x3d\xb0'
    b'\x3d\x8f\x3d\x8f\x3d\xb0\x45\xd0\x45\xd0\x45\xd0\x3d\xaf\x3d\x8f\x45\xb0\x3d\xaf\x3d\x8f\x3d\x8f\x3d\x8f\x3d\x8f\x3d\x8f\x3d\x8f'
    b'\x45\xb0\x3d\xaf\x3d\xb0\x45\xd0\x5e\x32\x3d\xaf\x3d\x8f\x3d\xb0\x45\xd0\x3d\xaf\x3d\x8f\x3d\x8f\x3d\x8f\x3d\x8f\x3d\x8f\x3d\x8f'
    b'\x3d\x8f\x3d\x8f\x3d\x8f\x3d\x8f\x3d\x8f\x3d\x8f\x3d\x8f\x3d\x8f\x3d\x8f\x45\xb0\x3d\xb0\x3d\x8f\x3d\x8f\x3d\x8f\x3d\x8f\x3d\x8f'
    b'\x3d\x8f\x3d\x8f\x3d\x8f\x3d\xb0\x45\xd0\x3d\x8f\x3d\x8f\x3d\x8f\x3d\x8f\x45\xb0\x3d\xb0\x3d\x8f\x3d\x8f\x3d\x8f\x3d\x8f\x3d\x8f'
    b'\x3d\x8f\x3d\x8f\x3d\x8f\x3d\xb0\x3d\xb0\x3d\x8f\x45\xb0\x3d\xaf\x3d\x8f\x3d\xaf\x3d\xaf\x3d\xaf\x3d\xaf\x3d\xaf\x3d\xaf\x3d\xaf'
    b'\x3d\xaf\x3d\xaf\x3d\xaf\x3d\xaf\x3d\xaf\x3d\xaf\x3d\xaf\x3d\xaf\x3d\x8f\x45\xb0\x3d\x8f\x3d\xaf\x4d\xd1\x3d\xaf\x3d\x8f\x3d\x8f'
    b'\x3d\x8f\x3d\x8f\x3d\x8f\x3d\x8f\x3d\x8f\x45\xb0\x3d\xaf\x3d\x8f\x3d\xb0\x3d\xb0\x3d\x8f\x3d\x8f\x3d\x8f\x3d\x8f\x3d\x8f\x45\xb0'
    b'\x3d\x8f\x3d\x8f\x3d\x8f\x3d\x8f\x3d\x8f\x3d\x8f\x3d\x8f\x45\xd0\x3d\xb0\x3d\xaf\x45\xd0\x45\xb0\x45\xb0\x45\xb0\x45\xb0\x45\xb0'
    b'\x45\xb0\x3d\xaf\x3d\x8f\x3d\xaf\x45\xb0\x45\xd0\x45\xb0\x3d\xb0\x3d\x8f\x3d\xaf\x45\xb0\x3d\x8f\x3d\x8f\x3d\x8f\x3d\x8f\x3d\x8f'
    b'\x35\x8f\x3d\xaf\x3d\xb0\x3d\xaf\x3d\xb0\x35\x8f\x3d\x8f\x45\xd0\x3d\xb0\x3d\x8f\x3d\x8f\x3d\x8f\x3d\x8f\x3d\x8f\x3d\x8f\x3d\x8f'
    b'\x3d\x8f\x3d\x8f\x3d\x8f\x3d\x8f\x3d\x8f\x3d\x8f\x3d\x8f\x3d\x8f\x45\xb0\x3d\xaf\x3d\x8f\x45\xd0\x45\xd0\x45\xb0\x45\xb0\x45\xd0'
    b'\x45\xb0\x3d\xaf\x45\xb0\x3d\x8f\x3d\xb0\x3d\xb0\x3d\x8f\x45\xb0\x3d\xaf\x3d\x8f\x3d\x8f\x3d\x8f\x3d\x8f\x3d\x8f\x3d\x8f\x3d\x8f'
    b'\x3d\x8f\x3d\x8f\x3d\x8f\x3d\x8f\x3d\x8f\x3d\x8f\x3d\x8f\x3d\x8f\x45\xb0\x3d\xb0\x3d\x8f\x3d\x8f\x3d\x8f\x3d\x8f\x3d\x8f\x3d\xaf'
    b'\x3d\xaf\x3d\x8f\x3d\x8f\x3d\xaf\x3d\xb0\x3d\x8f\x3d\x8f\x3d\x8f\x3d\x8f\x45\xd0\x45\xb0\x3d\x8f\x3d\x8f\x3d\xb0\x3d\xb0\x3d\xb0'
    b'\x3d\xb0\x3d\xb0\x3d\xaf\x3d\xb0\x45\xb0\x3d\x8f\x45\xb0\x3d\xaf\x3d\x8f\x3d\x8f\x3d\x8f\x3d\x8f\x3d\x8f\x3d\x8f\x3d\x8f\x3d\x8f'
    b'\x3d\x8f\x3d\x8f\x3d\x8f\x3d\x8f\x35\x8f\x3d\x8f\x3d\x8f\x3d\xb0\x4d\xd0\x3d\x8f\x3d\x8f\x45\xb0\x5e\x33\x3d\xb0\x35\x8f\x3d\x8f'
    b'\x3d\x8f\x3d\x8f\x3d\x8f\x3d\x8f\x3d\x8f\x45\xb0\x3d\xaf\x3d\x8f\x3d\xaf\x45\xd0\x45\xb0\x45\xb0\x45\xb0\x45\xb0\x45\xd0\x45\xb0'
    b'\x3d\x8f\x3d\x8f\x35\x8f\x3d\xb0\x3d\xaf\x3d\xb0\x3d\xaf\x35\x8f\x3d\xb0\x45\xb0\x3d\xaf\x3d\x8f\x3d\x8f\x3d\x8f\x3d\x8f\x3d\x8f'
    b'\x3d\x8f\x3d\x8f\x3d\x8f\x3d\x8f\x3d\x8f\x3d\x8f\x3d\x8f\x3d\x8f\x3d\x8f\x3d\xaf\x45\xb0\x3d\x8f\x45\xb0\x45\xd0\x45\xb0\x45\xb0'
    b'\x4d\xd0\x45\xd0\x45\xb0\x45\xb0\x45\xd0\x4d\xf1\x45\xb0\x3d\x8f\x45\xb0\x45\xb0\x3d\x8f\x3d\x8f\x3d\x8f\x3d\x8f\x3d\x8f\x3d\x8f'
    b'\x3d\x8f\x3d\x8f\x3d\x8f\x3d\x8f\x3d\x8f\x3d\x8f\x3d\x8f\x3d\x8f\x45\xb0\x3d\xaf\x3d\x8f\x45\xb0\x3d\xb0\x3d\xaf\x3d\xaf\x3d\xaf'
    b'\x3d\x8f\x3d\xaf\x45\xb0\x3d\x8f\x3d\x8f\x45\xb0\x3d\xb0\x3d\xb0\x3d\x8f\x3d\x8f\x3d\x8f\x3d\x8f\x3d\x8f\x3d\x8f\x3d\x8f\x3d\x8f'
    b'\x3d\x8f\x3d\x8f\x3d\x8f\x3d\x8f\x3d\x8f\x3d\x8f\x3d\x8f\x45\xb0\x3d\xb0\x3d\x8f\x3d\x8f\x3d\x8f\x3d\x8f\x3d\x8f\x45\xb0\x45\xd0'
    b'\x45\xd0\x3d\xaf\x3d\x8f\x3d\x8f\x3d\x8f\x3d\xaf\x3d\x8f\x3d\x8f\x3d\x8f\x3d\xb0\x3d\xb0\x3d\x8f\x3d\x8f\x45\xd0\x45\xd0\x45\xd0'
    b'\x45\xd0\x45\xd0\x45\xd0\x45\xb0\x45\xd0\x3d\x8f\x45\xb0\x3d\xaf\x3d\x8f\x3d\x8f\x3d\x8f\x3d\x8f\x3d\x8f\x3d\x8f\x3d\x8f\x3d\x8f'
    b'\x3d\x8f\x3d\x8f\x3d\x8f\x3d\xb0\x4d\xd0\x3d\xaf\x3d\x8f\x45\xd0\x5e\x32\x3d\xb0\x3d\x8f\x3d\x8f\x45\xd0\x3d\x8f\x45\xd0\x45\xd0'
    b'\x3d\x8f\x3d\x8f\x3d\x8f\x3d\x8f\x3d\x8f\x3d\xb0\x3d\xb0\x3d\x8f\x3d\x8f\x3d\xb0\x45\xb0\x3d\xb0\x45\xd0\x3d\xaf\x45\xd0\x3d\x8f'
    b'\x3d\x8f\x45\xb0\x4d\xd1\x45\xd0\x45\xb0\x45\xb0\x45\xd0\x4d\xd1\x3d\x8f\x3d\xaf\x45\xd0\x3d\xaf\x3d\x8f\x3d\x8f\x3d\x8f\x3d\x8f'
    b'\x3d\x8f\x3d\x8f\x3d\x8f\x3d\x8f\x3d\x8f\x3d\x8f\x3d\x8f\x3d\x8f\x3d\x8f\x3d\xaf\x45\xb0\x3d\x8f\x3d\xb0\x45\xb0\x3d\xaf\x3d\xaf'
    b'\x5e\x12\x4d\xf1\x3d\x8f\x3d\x8f\x3d\xb0\x5e\x32\x4d\xf1\x35\x8f\x3d\x8f\x3d\xb0\x45\xb0\x3d\xaf\x3d\x8f\x3d\x8f\x3d\x8f\x3d\x8f'
    b'\x3d\x8f\x3d\x8f\x3d\x8f\x3d\x8f\x3d\x8f\x3d\x8f\x3d\x8f\x3d\x8f\x45\xb0\x3d\xaf\x3d\x8f\x3d\x8f\x3d\x8f\x3d\x8f\x3d\x8f\x3d\x8f'
    b'\x3d\x8f\x3d\xaf\x45\xb0\x3d\x8f\x3d\x8f\x3d\xaf\x45\xd0\x45\xb0\x45\xb0\x45\xb0\x45\xb0\x45\xb0\x45\xb0\x45\xb0\x45\xb0\x45\xb0'
    b'\x45\xb0\x3d\xaf\x3d\x8f\x3d\x8f\x3d\x8f\x3d\x8f\x45\xb0\x3d\xb0\x3d\x8f\x3d\x8f\x3d\x8f\x3d\x8f\x3d\x8f\x3d\x8f\x45\xb0\x3d\xaf'
    b'\x45\xb0\x3d\xaf\x3d\x8f\x3d\x8f\x45\xd0\x45\xd0\x45\xb0\x3d\x8f\x3d\x8f\x3d\xb0\x3d\xb0\x3d\x8f\x3d\x8f\x3d\xb0\x3d\xb0\x3d\xb0'
    b'\x3d\xb0\x3d\xb0\x3d\xb0\x3d\x8f\x3d\x8f\x3d\x8f\x45\xd0\x3d\xaf\x3d\x8f\x3d\x8f\x3d\x8f\x3d\x8f\x3d\x8f\x3d\x8f\x3d\x8f\x3d\x8f'
    b'\x3d\x8f\x3d\x8f\x3d\x8f\x45\xd0\x5e\x32\x3d\xaf\x3d\x8f\x3d\xaf\x45\xb0\x3d\x8f\x3d\x8f\x3d\x8f\x45\xd0\x35\x8f\x56\x12\x56\x12'
    b'\x35\x8f\x3d\x8f\x3d\x8f\x3d\x8f\x3d\x8f\x3d\x8f\x45\xb0\x3d\x8f\x35\x8f\x4d\xf1\x56\x12\x3d\x8f\x3d\xaf\x4d\xd1\x5e\x12\x3d\x8f'
    b'\x3d\x8f\x45\xd0\x5e\x32\x45\xb0\x3d\x8f\x3d\x8f\x4d\xf1\x5e\x32\x3d\xaf\x3d\x8f\x3d\x8f\x45\xd0\x3d\xb0\x3d\x8f\x3d\x8f\x3d\x8f'
    b'\x3d\x8f\x3d\x8f\x3d\x8f\x3d\x8f\x3d\x8f\x3d\x8f\x3d\x8f\x3d\x8f\x3d\x8f\x3d\xaf\x45\xb0\x3d\x8f\x3d\x8f\x3d\x8f\x3d\x8f\x3d\x8f'
    b'\x4d\xd0\x45\xd0\x3d\xaf\x3d\x8f\x3d\xb0\x4d\xf1\x45\xb0\x3d\x8f\x3d\x8f\x3d\x8f\x3d\xaf\x45\xd0\x45\xb0\x3d\x8f\x3d\x8f\x3d\x8f'
    b'\x3d\x8f\x3d\x8f\x3d\x8f\x3d\x8f\x3d\x8f\x3d\x8f\x3d\xaf\x3d\x8f\x45\xb0\x3d\xaf\x45\xb0\x45\xb0\x45\xb0\x3d\xb0\x45\xb0\x3d\xb0'
    b'\x3d\xb0\x3d\xaf\x45\xb0\x3d\x8f\x3d\x8f\x3d\x8f\x3d\xaf\x3d\xaf\x3d\xaf\x3d\xaf\x3d\xaf\x3d\xaf\x3d\xaf\x3d\xaf\x3d\xaf\x3d\xaf'
    b'\x45\xb0\x3d\xb0\x3d\x8f\x3d\xaf\x3d\xb0\x45\xb0\x3d\xb0\x3d\x8f\x3d\x8f\x3d\x8f\x3d\x8f\x3d\x8f\x3d\x8f\x3d\x8f\x45\xb0\x3d\xaf'
    b'\x45\xb0\x3d\xaf\x3d\x8f\x3d\xaf\x45\xb0\x3d\x8f\x45\xb0\x3d\x8f\x3d\x8f\x45\xd0\x45\xb0\x3d\x8f\x3d\x8f\x3d\xb0\x3d\xb0\x3d\xb0'
    b'\x3d\xb0\x3d\xb0\x3d\xb0\x3d\x8f\x3d\x8f\x45\xd0\x45\xd0\x45\xd0\x3d\x8f\x3d\x8f\x3d\x8f\x3d\x8f\x3d\x8f\x3d\x8f\x3d\xaf\x3d\xb0'
    b'\x3d\x8f\x3d\x8f\x3d\x8f\x45\xb0\x45\xd0\x3d\xaf\x3d\x8f\x3d\xaf\x45\xb0\x3d\x8f\x3d\x8f\x3d\x8f\x45\xd0\x3d\x8f\x3d\xb0\x3d\xb0'
    b'\x3d\x8f\x3d\x8f\x3d\x8f\x3d\x8f\x3d\x8f\x3d\x8f\x3d\xb0\x3d\xb0\x3d\x8f\x45\xd0\x4d\xd1\x45\xb0\x4d\xd1\x45\xb0\x4d\xf1\x3d\x8f'
    b'\x3d\x8f\x3d\xb0\x4d\xd1\x45\xb0\x3d\x8f\x3d\xaf\x45\xd0\x4d\xd1\x3d\x8f\x3d\x8f\x3d\x8f\x3d\x8f\x45\xb0\x45\xd0\x3d\xaf\x3d\x8f'
    b'\x3d\x8f\x3d\x8f\x3d\x8f\x3d\x8f\x3d\x8f\x3d\x8f\x3d\x8f\x3d\xaf\x3d\xaf\x3d\xb0\x45\xb0\x3d\xaf\x45\xb0\x45\xb0\x3d\xb0\x45\xb0'
    b'\x5e\x32\x4d\xf1\x3d\x8f\x3d\x8f\x3d\xb0\x5e\x32\x4d\xf1\x35\x8f\x3d\x8f\x3d\x8f\x3d\x8f\x3d\xb0\x3d\xb0\x3d\x8f\x3d\x8f\x3d\x8f'
    b'\x3d\x8f\x3d\x8f\x3d\x8f\x3d\x8f\x3d\x8f\x45\xb0\x45\xb0\x45\xd0\x45\xb0\x3d\xb0\x45\xd0\x3d\xaf\x3d\xb0\x3d\xb0\x3d\xb0\x3d\xaf'
    b'\x45\xd0\x3d\xaf\x45\xd0\x3d\xaf\x3d\x8f\x3d\x8f\x3d\x8f\x3d\x8f\x3d\x8f\x3d\x8f\x3d\x8f\x3d\x8f\x3d\x8f\x3d\x8f\x3d\x8f\x3d\x8f'
    b'\x3d\xb0\x3d\xb0\x3d\x8f\x45\xd0\x4d\xf1\x45\xd0\x3d\x8f\x3d\x8f\x3d\x8f\x3d\x8f\x3d\x8f\x3d\x8f\x3d\x8f\x3d\x8f\x45\xb0\x3d\xaf'
    b'\x45\xb0\x3d\xaf\x3d\x8f\x3d\xaf\x45\xb0\x3d\x8f\x45\xb0\x3d\x8f\x3d\x8f\x3d\xb0\x3d\xb0\x3d\x8f\x3d\x8f\x3d\xb0\x3d\xb0\x3d\xb0'
    b'\x3d\xb0\x3d\xb0\x3d\xb0\x3d\x8f\x3d\x8f\x45\xb0\x45\xd0\x45\xd0\x3d\x8f\x3d\x8f\x3d\x8f\x3d\x8f\x3d\x8f\x3d\x8f\x45\xd0\x45\xd0'
    b'\x3d\x8f\x3d\x8f\x3d\xaf\x45\xd0\x3d\xb0\x45\xd0\x3d\x8f\x3d\xaf\x45\xb0\x3d\x8f\x3d\x8f\x3d\x8f\x45\xd0\x3d\x8f\x3d\xb0\x3d\xb0'
    b'\x3d\x8f\x3d\x8f\x3d\x8f\x3d\x8f\x3d\x8f\x3d\x8f\x3d\xaf\x45\xb0\x3d\x8f\x3d\x8f\x35\x8f\x4d\xf1\x5e\x32\x3d\x8f\x35\x8f\x3d\x8f'
    b'\x3d\x8f\x4d\xd0\x5e\x32\x45\xd0\x3d\x8f\x3d\x8f\x4d\xf1\x5e\x32\x3d\xaf\x3d\x8f\x3d\x8f\x3d\x8f\x3d\x8f\x45\xb0\x3d\xaf\x3d\x8f'
    b'\x3d\x8f\x3d\x8f\x3d\x8f\x3d\x8f\x3d\x8f\x3d\x8f\x3d\xaf\x45\xd0\x45\xb0\x45\xd0\x3d\xb0\x45\xd0\x45\xb0\x3d\xb0\x3d\xb0\x3d\xb0'
    b'\x4d\xd0\x45\xd0\x3d\xaf\x3d\x8f\x3d\xb0\x4d\xf1\x45\xb0\x3d\x8f\x3d\x8f\x3d\x8f\x3d\x8f\x3d\x8f\x3d\x8f\x3d\x8f\x3d\x8f\x3d\x8f'
    b'\x3d\x8f\x3d\x8f\x3d\x8f\x3d\x8f\x3d\x8f\x45\xd0\x5e\x12\x4d\xd1\x3d\xb0\x3d\xaf\x45\xb0\x45\xb0\x45\xb0\x45\xb0\x45\xb0\x45\xb0'
    b'\x45\xd0\x3d\x8f\x3d\xaf\x45\xd0\x3d\xaf\x3d\xaf\x3d\xaf\x3d\xaf\x3d\xaf\x3d\xaf\x3d\xaf\x3d\x8f\x45\xd0\x45\xb0\x3d\x8f\x3d\x8f'
    b'\x3d\xb0\x3d\xb0\x3d\x8f\x45\xb0\x4d\xf1\x45\xb0\x45\xb0\x45\xd0\x3d\x8f\x3d\xaf\x3d\xaf\x3d\xaf\x45\xd0\x3d\xb0\x3d\xb0\x45\xd0'
    b'\x45\xd0\x3d\xaf\x3d\x8f\x3d\xaf\x45\xb0\x3d\x8f\x45\xb0\x3d\x8f\x3d\x8f\x3d\x8f\x3d\x8f\x3d\x8f\x3d\x8f\x3d\xb0\x3d\xb0\x3d\xb0'
    b'\x3d\xb0\x3d\xb0\x3d\xb0\x3d\x8f\x3d\x8f\x45\xb0\x45\xd0\x45\xd0\x3d\x8f\x3d\x8f\x3d\x8f\x3d\x8f\x3d\x8f\x3d\xb0\x45\xb0\x3d\x8f'
    b'\x3d\x8f\x3d\x8f\x3d\xaf\x45\xb0\x3d\x8f\x45\xb0\x3d\x8f\x3d\xaf\x45\xb0\x3d\x8f\x3d\x8f\x3d\x8f\x45\xd0\x35\x8f\x56\x11\x55\xf1'
    b'\x35\x8f\x3d\x8f\x3d\x8f\x3d\x8f\x3d\x8f\x3d\x8f\x3d\x8f\x45\xb0\x3d\xaf\x3d\x8f\x3d\x8f\x3d\x8f\x3d\xaf\x3d\x8f\x3d\x8f\x3d\x8f'
    b'\x3d\x8f\x3d\xb0\x4d\xd1\x45\xb0\x3d\x8f\x3d\x8f\x45\xd0\x4d\xd1\x3d\x8f\x3d\x8f\x3d\x8f\x3d\x8f\x3d\x8f\x3d\x8f\x3d\x8f\x3d\x8f'
    b'\x3d\x8f\x3d\x8f\x3d\x8f\x3d\x8f\x3d\x8f\x3d\x8f\x3d\xaf\x56\x11\x56\x12\x45\xd0\x3d\xb0\x3d\xb0\x45\xd0\x45\xb0\x45\xb0\x45\xb0'
    b'\x5e\x32\x4d\xf1\x3d\x8f\x3d\x8f\x3d\xb0\x5e\x32\x4d\xf1\x35\x8f\x3d\x8f\x3d\x8f\x3d\x8f\x3d\x8f\x3d\x8f\x3d\x8f\x3d\x8f\x3d\x8f'
    b'\x3d\x8f\x3d\x8f\x3d\x8f\x3d\x8f\x3d\x8f\x45\xd0\x4d\xf1\x45\xd0\x45\xb0\x3d\xaf\x3d\x8f\x3d\x8f\x3d\x8f\x3d\x8f\x3d\x8f\x3d\x8f'
    b'\x3d\x8f\x3d\x8f\x3d\x8f\x3d\xaf\x45\xb0\x45\xb0\x45\xb0\x45\xb0\x45\xb0\x45\xb0\x45\xb0\x3d\xb0\x5e\x12\x55\xf1\x35\x8f\x3d\x8f'
    b'\x3d\xb0\x3d\xb0\x3d\x8f\x3d\x8f\x45\xd0\x3d\x8f\x4d\xf1\x5e\x32\x3d\xb0\x45\xb0\x45\xb0\x45\xd0\x5e\x32\x4d\xd1\x35\x8f\x3d\xb0'
    b'\x3d\xaf\x3d\x8f\x3d\x8f\x3d\xaf\x45\xb0\x3d\x8f\x45\xb0\x3d\x8f\x3d\x8f\x3d\x8f\x3d\x8f\x3d\x8f\x3d\x8f\x3d\xb0\x3d\xb0\x3d\xb0'
    b'\x3d\xb0\x3d\xb0\x3d\xb0\x3d\x8f\x3d\x8f\x45\xb0\x45\xd0\x45\xd0\x3d\x8f\x3d\x8f\x3d\x8f\x3d\x8f\x3d\xb0\x45\xb0\x3d\x8f\x3d\x8f'
    b'\x3d\x8f\x3d\x8f\x3d\xaf\x45\xb0\x3d\x8f\x45\xb0\x3d\x8f\x3d\xaf\x45\xb0\x3d\x8f\x3d\x8f\x3d\x8f\x45\xd0\x3d\x8f\x4d\xd1\x4d\xd1'
    b'\x3d\x8f\x3d\x8f\x3d\x8f\x3d\x8f\x3d\x8f\x3d\x8f\x3d\x8f\x3d\xaf\x45\xb0\x3d\x8f\x3d\x8f\x3d\x8f\x3d\x8f\x3d\x8f\x3d\x8f\x3d\x8f'
    b'\x3d\x8f\x4d\xd0\x5e\x32\x45\xd0\x3d\x8f\x3d\x8f\x4d\xf1\x5e\x32\x3d\xaf\x3d\x8f\x3d\x8f\x3d\x8f\x3d\x8f\x3d\x8f\x3d\x8f\x3d\x8f'
    b'\x3d\x8f\x3d\x8f\x3d\x8f\x3d\x8f\x3d\x8f\x3d\x8f\x3d\xaf\x4d\xf1\x4d\xf1\x45\xd0\x3d\xb0\x3d\x8f\x3d\x8f\x3d\x8f\x3d\x8f\x3d\x8f'
    b'\x45\xd0\x45\xd0\x3d\xaf\x3d\x8f\x3d\xb0\x4d\xd1\x45\xb0\x3d\x8f\x3d\x8f\x3d\x8f\x3d\x8f\x3d\x8f\x3d\x8f\x3d\x8f\x3d\x8f\x3d\x8f'
    b'\x3d\x8f\x3d\x8f\x3d\x8f\x3d\x8f\x3d\x8f\x45\xd0\x56\x12\x4d\xd1\x45\xb0\x3d\xaf\x3d\xaf\x3d\xb0\x3d\x8f\x3d\xaf\x3d\xaf\x3d\xaf'
    b'\x3d\xaf\x3d\xaf\x3d\xaf\x3d\x8f\x3d\x8f\x3d\x8f\x3d\x8f\x3d\x8f\x3d\x8f\x3d\x8f\x3d\x8f\x3d\x8f\x3d\xaf\x3d\xaf\x3d\x8f\x3d\x8f'
    b'\x3d\xb0\x3d\xb0\x3d\x8f\x3d\x8f\x45\xb0\x3d\x8f\x3d\xaf\x3d\xaf\x3d\x8f\x3d\x8f\x3d\x8f\x3d\x8f\x3d\xaf\x3d\x8f\x3d\x8f\x3d\xb0'
    b'\x3d\xaf\x3d\xaf\x45\xd0\x3d\xaf\x45\xb0\x3d\x8f\x45\xb0\x3d\x8f\x3d\x8f\x3d\x8f\x3d\x8f\x3d\x8f\x3d\x8f\x3d\xb0\x3d\xb0\x3d\xb0'
    b'\x3d\xb0\x3d\xb0\x3d\xb0\x3d\x8f\x3d\x8f\x45\xb0\x45\xd0\x45\xd0\x3d\x8f\x3d\x8f\x3d\x8f\x3d\xb0\x45\xb0\x3d\x8f\x3d\x8f\x3d\x8f'
    b'\x3d\x8f\x3d\x8f\x3d\xaf\x45\xd0\x3d\xaf\x45\xb0\x3d\x8f\x3d\xaf\x45\xb0\x3d\x8f\x3d\x8f\x3d\x8f\x45\xb0\x3d\x8f\x3d\x8f\x3d\x8f'
    b'\x3d\x8f\x3d\x8f\x3d\x8f\x3d\x8f\x3d\x8f\x3d\x8f\x3d\x8f\x3d\x8f\x45\xb0\x3d\x8f\x3d\x8f\x3d\x8f\x3d\x8f\x3d\xaf\x3d\xaf\x3d\x8f'
    b'\x3d\x8f\x3d\xb0\x4d\xd1\x45\xb0\x3d\x8f\x3d\x8f\x45\xd0\x4d\xd0\x3d\x8f\x3d\x8f\x3d\x8f\x3d\x8f\x3d\x8f\x3d\x8f\x3d\x8f\x3d\x8f'
    b'\x3d\x8f\x3d\x8f\x3d\x8f\x3d\x8f\x3d\x8f\x3d\x8f\x3d\xaf\x4d\xf1\x55\xf1\x45\xd0\x3d\xb0\x3d\x8f\x3d\xb0\x3d\xaf\x3d\xaf\x3d\xaf'
    b'\x5e\x32\x4d\xf1\x3d\x8f\x3d\x8f\x3d\xb0\x5e\x32\x4d\xf1\x35\x8f\x3d\x8f\x3d\x8f\x3d\x8f\x3d\x8f\x3d\x8f\x3d\x8f\x3d\x8f\x3d\x8f'
    b'\x3d\x8f\x3d\x8f\x3d\x8f\x3d\x8f\x3d\x8f\x45\xd0\x56\x12\x4d\xd1\x45\xb0\x3d\x8f\x45\xb0\x45\xd0\x45\xb0\x45\xb0\x45\xb0\x45\xb0'
    b'\x45\xb0\x45\xb0\x45\xb0\x45\xd0\x45\xd0\x45\xd0\x45\xd0\x45\xd0\x45\xb0\x45\xb0\x45\xb0\x45\xd0\x3d\xaf\x3d\x8f\x3d\x8f\x3d\x8f'
    b'\x3d\xb0\x3d\xb0\x3d\x8f\x3d\x8f\x45\xb0\x3d\x8f\x3d\x8f\x3d\x8f\x3d\x8f\x3d\x8f\x3d\x8f\x3d\x8f\x3d\x8f\x3d\x8f\x3d\x8f\x45\xb0'
    b'\x3d\x8f\x4d\xd1\x5e\x32\x3d\xaf\x45\xd0\x45\xd0\x3d\xb0\x3d\x8f\x3d\x8f\x3d\x8f\x3d\x8f\x3d\x8f\x3d\x8f\x3d\xb0\x3d\xb0\x3d\xb0'
    b'\x3d\xb0\x3d\xb0\x3d\xb0\x3d\x8f\x3d\x8f\x45\xb0\x45\xd0\x45\xd0\x3d\x8f\x3d\x8f\x3d\x8f\x45\xb0\x3d\xaf\x3d\x8f\x3d\x8f\x3d\x8f'
    b'\x3d\x8f\x3d\x8f\x3d\x8f\x45\xd0\x45\xd0\x3d\xb0\x3d\x8f\x3d\xaf\x45\xb0\x3d\x8f\x3d\x8f\x3d\x8f\x45\xb0\x3d\xaf\x3d\xaf\x3d\xaf'
    b'\x3d\x8f\x3d\x8f\x3d\x8f\x3d\x8f\x3d\x8f\x3d\x8f\x3d\x8f\x3d\x8f\x3d\xb0\x3d\xb0\x3d\x8f\x3d\x8f\x45\xb0\x45\xd0\x45\xb0\x45\xd0'
    b'\x3d\x8f\x45\xd0\x5e\x32\x45\xd0\x3d\x8f\x3d\x8f\x4d\xf1\x5e\x32\x3d\xaf\x3d\x8f\x3d\x8f\x3d\x8f\x3d\x8f\x3d\x8f\x3d\x8f\x3d\x8f'
    b'\x3d\x8f\x3d\x8f\x3d\x8f\x3d\x8f\x3d\x8f\x3d\x8f\x3d\xaf\x4d\xf1\x56\x12\x45\xd0\x3d\xb0\x3d\x8f\x45\xd0\x45\xd0\x45\xb0\x45\xb0'
    b'\x45\xd0\x45\xd0\x3d\xaf\x3d\x8f\x3d\xb0\x4d\xd1\x45\xb0\x3d\x8f\x3d\x8f\x3d\x8f\x3d\x8f\x3d\x8f\x3d\x8f\x3d\x8f\x3d\x8f\x3d\x8f'
    b'\x3d\x8f\x3d\x8f\x3d\x8f\x3d\x8f\x3d\x8f\x3d\xaf\x3d\xaf\x3d\xaf\x45\xb0\x3d\xaf\x3d\x8f\x3d\x8f\x3d\x8f\x3d\x8f\x3d\x8f\x3d\x8f'
    b'\x3d\x8f\x3d\x8f\x3d\x8f\x3d\x8f\x3d\x8f\x3d\x8f\x3d\x8f\x3d\x8f\x3d\x8f\x3d\x8f\x3d\x8f\x3d\xb0\x3d\xb0\x3d\x8f\x3d\x8f\x3d\x8f'
    b'\x3d\xb0\x3d\xb0\x3d\x8f\x3d\x8f\x45\xb0\x3d\x8f\x3d\x8f\x3d\x8f\x3d\x8f\x3d\x8f\x3d\x8f\x3d\x8f\x3d\x8f\x3d\x8f\x3d\x8f\x3d\xb0'
    b'\x3d\xaf\x3d\xaf\x45\xd0\x3d\x8f\x3d\xaf\x45\xb0\x3d\x8f\x3d\x8f\x3d\x8f\x3d\x8f\x3d\xaf\x3d\xb0\x3d\x8f\x45\xb0\x3d\xb0\x3d\xb0'
    b'\x3d\xb0\x3d\xb0\x3d\xb0\x3d\x8f\x3d\x8f\x45\xb0\x45\xd0\x45\xd0\x3d\x8f\x3d\x8f\x3d\x8f\x45\xb0\x3d\xaf\x3d\x8f\x3d\x8f\x3d\x8f'
    b'\x3d\x8f\x3d\x8f\x3d\x8f\x3d\xb0\x4d\xd1\x3d\x8f\x3d\x8f\x3d\xaf\x45\xb0\x3d\x8f\x3d\x8f\x3d\x8f\x45\xb0\x3d\xb0\x45\xb0\x45\xb0'
    b'\x45\xb0\x45\xb0\x45\xb0\x45\xb0\x45\xb0\x45\xb0\x45\xb0\x3d\x8f\x3d\xaf\x45\xb0\x3d\x8f\x3d\x8f\x45\xb0\x3d\xaf\x3d\x8f\x45\xb0'
    b'\x3d\xaf\x3d\xb0\x4d\xd1\x45\xb0\x3d\x8f\x3d\xaf\x45\xd0\x45\xd0\x3d\x8f\x3d\x8f\x3d\x8f\x3d\x8f\x3d\x8f\x3d\x8f\x3d\x8f\x3d\x8f'
    b'\x3d\x8f\x3d\x8f\x3d\x8f\x3d\x8f\x3d\x8f\x3d\x8f\x3d\x8f\x3d\xaf\x3d\xaf\x3d\xb0\x45\xb0\x3d\x8f\x3d\xaf\x3d\x8f\x3d\x8f\x3d\x8f'
    b'\x5e\x32\x55\xf1\x3d\x8f\x3d\x8f\x3d\xb0\x5e\x32\x4d\xf1\x35\x8f\x3d\x8f\x3d\x8f\x3d\x8f\x3d\x8f\x3d\x8f\x3d\xb0\x3d\xb0\x3d\xb0'
    b'\x3d\x8f\x3d\x8f\x3d\x8f\x3d\x8f\x3d\x8f\x3d\x8f\x3d\x8f\x3d\x8f\x45\xb0\x3d\x8f\x3d\xb0\x45\xd0\x3d\xb0\x3d\xb0\x3d\xb0\x3d\xb0'
    b'\x3d\xb0\x3d\xb0\x3d\xb0\x3d\xb0\x3d\xb0\x3d\xb0\x3d\xb0\x3d\xb0\x3d\x8f\x3d\x8f\x3d\x8f\x3d\xb0\x3d\xaf\x3d\xb0\x5e\x12\x3d\xb0'
    b'\x3d\xb0\x3d\xb0\x3d\x8f\x3d\x8f\x45\xb0\x3d\x8f\x3d\x8f\x3d\x8f\x3d\x8f\x3d\x8f\x3d\x8f\x3d\x8f\x3d\x8f\x3d\x8f\x3d\x8f\x3d\xb0'
    b'\x3d\xaf\x3d\xb0\x45\xd0\x3d\x8f\x3d\xaf\x45\xb0\x3d\x8f\x3d\x8f\x3d\x8f\x3d\x8f\x3d\xb0\x45\xd0\x45\xb0\x45\xd0\x3d\xaf\x3d\xb0'
    b'\x3d\xb0\x3d\xb0\x3d\xb0\x3d\x8f\x3d\x8f\x3d\x8f\x45\xb0\x3d\xaf\x3d\x8f\x3d\x8f\x3d\x8f\x45\xb0\x3d\xaf\x3d\x8f\x3d\x8f\x3d\x8f'
    b'\x45\xd0\x56\x12\x3d\x8f\x4d\xd0\x5e\x33\x3d\xaf\x3d\x8f\x3d\xaf\x45\xb0\x3d\x8f\x3d\x8f\x3d\x8f\x3d\xaf\x45\xd0\x3d\x8f\x3d\x8f'
    b'\x3d\x8f\x3d\x8f\x3d\x8f\x3d\x8f\x3d\x8f\x3d\x8f\x4d\xd1\x3d\xaf\x3d\x8f\x45\xb0\x3d\xaf\x3d\x8f\x3d\xb0\x45\xd0\x45\xb0\x45\xd0'
    b'\x3d\x8f\x4d\xd1\x5e\x33\x45\xd0\x3d\x8f\x3d\x8f\x4d\xf1\x5e\x32\x3d\xaf\x3d\x8f\x3d\x8f\x3d\x8f\x3d\x8f\x3d\x8f\x3d\xaf\x3d\xb0'
    b'\x3d\xb0\x3d\xaf\x3d\x8f\x3d\x8f\x3d\x8f\x3d\x8f\x3d\x8f\x3d\x8f\x3d\x8f\x3d\xaf\x3d\xb0\x3d\x8f\x45\xd0\x45\xb0\x3d\xb0\x3d\xb0'
    b'\x3d\xb0\x45\xb0\x45\xd0\x45\xb0\x45\xd0\x45\xb0\x3d\xaf\x3d\x8f\x3d\x8f\x3d\x8f\x3d\x8f\x3d\x8f\x3d\x8f\x45\xd0\x3d\xb0\x45\xd0'
    b'\x3d\x8f\x3d\x8f\x3d\x8f\x3d\x8f\x3d\x8f\x3d\x8f\x3d\x8f\x3d\x8f\x45\xb0\x3d\x8f\x3d\xb0\x45\xb0\x3d\xb0\x3d\xb0\x3d\xb0\x3d\xb0'
    b'\x3d\xb0\x3d\xb0\x3d\xb0\x3d\xb0\x3d\xb0\x3d\xb0\x3d\xaf\x45\xd0\x3d\xb0\x3d\x8f\x3d\x8f\x3d\xb0\x3d\xaf\x3d\xb0\x56\x12\x3d\xaf'
    b'\x3d\xb0\x3d\xb0\x3d\x8f\x3d\x8f\x45\xb0\x3d\x8f\x3d\x8f\x3d\x8f\x3d\x8f\x3d\x8f\x3d\x8f\x3d\x8f\x3d\x8f\x3d\x8f\x3d\x8f\x3d\xb0'
    b'\x3d\xaf\x3d\xb0\x45\xd0\x3d\xaf\x3d\xaf\x45\xb0\x3d\x8f\x3d\x8f\x3d\x8f\x3d\x8f\x3d\x8f\x3d\xaf\x3d\x8f\x3d\x8f\x3d\x8f\x3d\xb0'
    b'\x3d\xb0\x3d\xb0\x3d\xb0\x3d\x8f\x3d\x8f\x3d\x8f\x45\xb0\x3d\xaf\x3d\x8f\x3d\x8f\x3d\x8f\x45\xb0\x3d\xaf\x3d\x8f\x3d\x8f\x3d\x8f'
    b'\x45\xd0\x56\x11\x3d\x8f\x3d\xaf\x3d\xb0\x3d\x8f\x3d\x8f\x3d\x8f\x45\xd0\x45\xd0\x45\xb0\x3d\xb0\x4d\xd1\x66\x33\x45\xb0\x3d\x8f'
    b'\x3d\x8f\x3d\x8f\x3d\x8f\x3d\x8f\x3d\x8f\x3d\xb0\x5e\x33\x45\xd0\x35\x8f\x3d\xaf\x45\xb0\x3d\x8f\x3d\x8f\x3d\x8f\x3d\x8f\x3d\x8f'
    b'\x3d\x8f\x3d\xaf\x45\xb0\x45\xd0\x45\xb0\x45\xd0\x45\xd0\x3d\xb0\x3d\x8f\x3d\x8f\x3d\x8f\x3d\x8f\x3d\x8f\x3d\x8f\x3d\xb0\x45\xb0'
    b'\x45\xb0\x3d\xb0\x3d\x8f\x3d\x8f\x3d\x8f\x3d\x8f\x3d\x8f\x3d\x8f\x3d\x8f\x3d\xaf\x45\xb0\x3d\x8f\x45\xb0\x3d\xb0\x3d\xb0\x3d\xb0'
    b'\x3d\x8f\x3d\x8f\x3d\x8f\x3d\x8f\x3d\x8f\x3d\x8f\x3d\x8f\x3d\x8f\x3d\x8f\x3d\x8f\x3d\x8f\x3d\x8f\x3d\x8f\x45\xb0\x3d\x8f\x45\xb0'
    b'\x3d\x8f\x3d\x8f\x3d\x8f\x3d\x8f\x3d\x8f\x3d\x8f\x3d\x8f\x3d\x8f\x45\xb0\x3d\xaf\x3d\x8f\x3d\xaf\x3d\x8f\x3d\x8f\x3d\x8f\x3d\x8f'
    b'\x3d\x8f\x3d\x8f\x3d\x8f\x3d\x8f\x3d\x8f\x3d\x8f\x3d\x8f\x3d\xb0\x3d\xb0\x3d\x8f\x3d\x8f\x3d\xb0\x3d\xb0\x3d\x8f\x3d\xb0\x3d\x8f'
    b'\x3d\xb0\x3d\xb0\x3d\x8f\x3d\xaf\x45\xd0\x3d\xaf\x3d\x8f\x3d\x8f\x3d\x8f\x3d\x8f\x3d\x8f\x3d\x8f\x3d\x8f\x3d\x8f\x3d\x8f\x3d\xb0'
    b'\x3d\xaf\x3d\xb0\x45\xd0\x3d\xaf\x3d\xaf\x45\xb0\x3d\x8f\x3d\x8f\x3d\x8f\x3d\x8f\x3d\x8f\x3d\x8f\x3d\x8f\x3d\x8f\x3d\x8f\x3d\xb0'
    b'\x3d\xb0\x3d\xb0\x3d\xb0\x3d\x8f\x3d\x8f\x3d\x8f\x45\xb0\x3d\xaf\x3d\x8f\x3d\x8f\x3d\x8f\x45\xb0\x3d\xaf\x3d\x8f\x3d\x8f\x3d\x8f'
    b'\x3d\xb0\x45\xd0\x3d\xaf\x3d\x8f\x3d\x8f\x3d\x8f\x3d\x8f\x3d\x8f\x3d\x8f\x3d\x8f\x3d\x8f\x3d\x8f\x3d\x8f\x3d\xaf\x3d\x8f\x3d\x8f'
    b'\x3d\x8f\x3d\x8f\x3d\xaf\x3d\xaf\x3d\x8f\x3d\x8f\x3d\xaf\x3d\x8f\x3d\x8f\x3d\x8f\x3d\xb0\x45\xb0\x3d\x8f\x3d\x8f\x3d\x8f\x3d\x8f'
    b'\x3d\x8f\x3d\x8f\x3d\x8f\x3d\x8f\x3d\x8f\x3d\x8f\x3d\x8f\x3d\x8f\x3d\x8f\x3d\x8f\x3d\x8f\x3d\x8f\x3d\x8f\x3d\x8f\x3d\xb0\x3d\xb0'
    b'\x3d\xaf\x3d\xb0\x3d\x8f\x3d\x8f\x3d\x8f\x3d\x8f\x3d\x8f\x3d\x8f\x3d\x8f\x3d\xaf\x45\xb0\x3d\x8f\x3d\xaf\x3d\x8f\x3d\x8f\x3d\x8f'
    b'\x3d\x8f\x3d\x8f\x3d\xb0\x3d\xb0\x3d\xb0\x3d\xb0\x3d\xb0\x3d\xb0\x3d\xb0\x3d\xb0\x3d\xb0\x3d\xb0\x3d\xb0\x45\xd0\x3d\x8f\x45\xb0'
    b'\x3d\x8f\x3d\x8f\x3d\x8f\x3d\x8f\x3d\x8f\x3d\x8f\x3d\x8f\x3d\x8f\x45\xb0\x3d\x8f\x45\xb0\x45\xd0\x45\xb0\x45\xd0\x45\xd0\x45\xd0'
    b'\x45\xd0\x45\xd0\x45\xb0\x45\xd0\x3d\xaf\x3d\x8f\x3d\x8f\x3d\xb0\x3d\xb0\x3d\x8f\x3d\x8f\x3d\xb0\x3d\xb0\x3d\x8f\x45\xd0\x3d\x8f'
    b'\x3d\xb0\x3d\xb0\x3d\x8f\x3d\xaf\x45\xd0\x3d\xaf\x3d\x8f\x3d\x8f\x3d\x8f\x3d\x8f\x3d\x8f\x45\xb0\x3d\xaf\x3d\x8f\x3d\x8f\x3d\xb0'
    b'\x3d\xaf\x3d\xb0\x45\xd0\x3d\xaf\x3d\xaf\x45\xb0\x3d\x8f\x3d\x8f\x3d\x8f\x3d\x8f\x3d\x8f\x3d\xaf\x3d\x8f\x3d\x8f\x3d\x8f\x3d\xb0'
    b'\x3d\xb0\x3d\xb0\x3d\xb0\x3d\x8f\x3d\x8f\x3d\x8f\x45\xb0\x3d\xaf\x3d\x8f\x3d\x8f\x3d\x8f\x45\xb0\x3d\xaf\x3d\x8f\x3d\x8f\x3d\xaf'
    b'\x45\xd0\x3d\xb0\x45\xd0\x3d\x8f\x3d\xaf\x3d\xb0\x3d\xb0\x3d\xb0\x3d\xb0\x45\xb0\x45\xd0\x3d\x8f\x45\xb0\x56\x12\x3d\xb0\x3d\x8f'
    b'\x3d\x8f\x3d\x8f\x45\xd0\x45\xd0\x3d\x8f\x3d\xaf\x56\x12\x45\xb0\x3d\x8f\x3d\x8f\x3d\x8f\x3d\xb0\x45\xb0\x3d\x8f\x3d\x8f\x3d\x8f'
    b'\x3d\x8f\x3d\x8f\x3d\x8f\x3d\xaf\x3d\xb0\x3d\xb0\x3d\xb0\x3d\xb0\x3d\xb0\x3d\xb0\x3d\xb0\x3d\xb0\x3d\xb0\x3d\xb0\x45\xd0\x3d\xb0'
    b'\x3d\xb0\x3d\xb0\x3d\x8f\x3d\x8f\x3d\x8f\x3d\x8f\x3d\x8f\x3d\x8f\x3d\x8f\x3d\xaf\x3d\xb0\x3d\x8f\x45\xd0\x45\xd0\x45\xb0\x45\xd0'
    b'\x3d\x8f\x3d\xaf\x45\xd0\x3d\xb0\x3d\xb0\x3d\xb0\x3d\xb0\x3d\xb0\x3d\xb0\x3d\xb0\x3d\xb0\x3d\xb0\x3d\xb0\x45\xd0\x3d\x8f\x45\xb0'
    b'\x3d\x8f\x3d\x8f\x3d\x8f\x3d\x8f\x3d\x8f\x3d\x8f\x3d\x8f\x3d\x8f\x45\xb0\x3d\xaf\x3d\xaf\x3d\xaf\x3d\x8f\x3d\x8f\x3d\x8f\x3d\x8f'
    b'\x3d\x8f\x3d\x8f\x3d\x8f\x45\xd0\x45\xb0\x3d\x8f\x3d\x8f\x45\xd0\x45\xb0\x3d\x8f\x3d\x8f\x45\xd0\x45\xb0\x3d\x8f\x45\xd0\x3d\x8f'
    b'\x3d\xb0\x3d\xb0\x3d\x8f\x3d\x8f\x3d\x8f\x3d\x8f\x3d\x8f\x3d\x8f\x3d\x8f\x3d\x8f\x3d\xaf\x5e\x33\x4d\xd0\x3d\x8f\x3d\x8f\x3d\xb0'
    b'\x3d\xaf\x3d\xb0\x45\xd0\x3d\xaf\x3d\xaf\x45\xb0\x3d\x8f\x3d\x8f\x3d\x8f\x3d\x8f\x3d\xb0\x45\xd1\x45\xd0\x45\xb0\x45\xb0\x45\xd0'
    b'\x3d\xaf\x3d\xb0\x3d\xb0\x3d\x8f\x3d\x8f\x3d\x8f\x45\xb0\x3d\xaf\x3d\x8f\x3d\x8f\x3d\x8f\x45\xb0\x3d\xaf\x3d\x8f\x3d\x8f\x3d\xaf'
    b'\x45\xb0\x3d\x8f\x45\xb0\x3d\x8f\x45\xb0\x45\xb0\x3d\xb0\x3d\xb0\x3d\xb0\x3d\xb0\x45\xd0\x3d\x8f\x3d\xb0\x56\x12\x3d\xb0\x3d\x8f'
    b'\x3d\x8f\x3d\x8f\x45\xb0\x3d\xaf\x3d\x8f\x3d\xaf\x56\x12\x45\xb0\x3d\x8f\x3d\x8f\x3d\x8f\x3d\x8f\x3d\xb0\x45\xb0\x3d\x8f\x3d\x8f'
    b'\x3d\x8f\x3d\x8f\x3d\x8f\x45\xb0\x45\xb0\x3d\xb0\x3d\xb0\x3d\xb0\x3d\xb0\x3d\xb0\x3d\xb0\x3d\xb0\x3d\xb0\x3d\xb0\x45\xd0\x3d\xb0'
    b'\x3d\xb0\x3d\xb0\x3d\x8f\x3d\x8f\x3d\x8f\x3d\x8f\x3d\x8f\x3d\x8f\x3d\x8f\x3d\xaf\x45\xb0\x3d\x8f\x3d\xaf\x3d\x8f\x3d\x8f\x3d\x8f'
    b'\x3d\x8f\x3d\xaf\x45\xb0\x3d\x8f\x35\x8f\x3d\x8f\x3d\x8f\x35\x8f\x3d\x8f\x35\x8f\x35\x8f\x3d\x8f\x3d\x8f\x45\xb0\x3d\x8f\x45\xb0'
    b'\x3d\x8f\x3d\x8f\x3d\x8f\x3d\x8f\x3d\x8f\x3d\x8f\x3d\x8f\x3d\x8f\x45\xb0\x3d\xaf\x3d\x8f\x3d\x8f\x3d\x8f\x3d\x8f\x3d\x8f\x3d\x8f'
    b'\x3d\x8f\x3d\x8f\x3d\x8f\x45\xd0\x3d\xb0\x3d\x8f\x3d\x8f\x45\xb0\x3d\xb0\x3d\x8f\x3d\x8f\x45\xb0\x3d\xb0\x3d\x8f\x45\xd0\x3d\x8f'
    b'\x3d\xb0\x3d\xb0\x3d\x8f\x3d\x8f\x3d\x8f\x3d\x8f\x3d\x8f\x3d\x8f\x3d\x8f\x3d\x8f\x45\xb0\x45\xb0\x3d\xaf\x3d\x8f\x3d\x8f\x3d\xb0'
    b'\x3d\xaf\x3d\xaf\x45\xb0\x3d\x8f\x3d\xaf\x45\xb0\x3d\x8f\x3d\x8f\x3d\x8f\x3d\x8f\x3d\x8f\x3d\xaf\x3d\x8f\x3d\x8f\x3d\x8f\x3d\x8f'
    b'\x3d\x8f\x3d\xb0\x3d\xb0\x3d\x8f\x3d\x8f\x3d\x8f\x45\xb0\x3d\xaf\x3d\x8f\x3d\x8f\x3d\x8f\x45\xb0\x3d\xaf\x3d\x8f\x3d\x8f\x3d\xaf'
    b'\x45\xb0\x3d\xaf\x45\xb0\x3d\x8f\x45\xb0\x3d\xaf\x3d\x8f\x3d\x8f\x3d\x8f\x3d\x8f\x3d\x8f\x3d\x8f\x3d\x8f\x3d\xb0\x3d\x8f\x3d\x8f'
    b'\x3d\x8f\x3d\xaf\x45\xb0\x3d\x8f\x3d\x8f\x3d\x8f\x3d\xb0\x3d\xaf\x3d\x8f\x3d\x8f\x3d\x8f\x3d\x8f\x3d\x8f\x45\xb0\x3d\xb0\x3d\x8f'
    b'\x3d\x8f\x3d\x8f\x3d\x8f\x45\xb0\x3d\xaf\x35\x8f\x35\x8f\x3d\x8f\x35\x8f\x3d\x8f\x3d\x8f\x35\x8f\x3d\x8f\x3d\x8f\x3d\xb0\x3d\xaf'
    b'\x3d\xaf\x3d\xb0\x3d\x8f\x3d\x8f\x3d\x8f\x3d\x8f\x3d\x8f\x3d\x8f\x3d\x8f\x3d\xaf\x45\xb0\x3d\x8f\x3d\x8f\x3d\x8f\x3d\x8f\x3d\x8f'
    b'\x3d\x8f\x3d\xaf\x45\xb0\x3d\x8f\x55\xf1\x45\xd0\x45\xb0\x56\x12\x3d\x8f\x4d\xf1\x4d\xd1\x3d\x8f\x3d\x8f\x45\xd0\x3d\xb0\x45\xd0'
    b'\x3d\x8f\x3d\x8f\x3d\x8f\x3d\x8f\x3d\x8f\x3d\x8f\x3d\x8f\x3d\x8f\x45\xb0\x3d\xaf\x3d\x8f\x3d\x8f\x3d\x8f\x3d\x8f\x3d\x8f\x3d\x8f'
    b'\x3d\x8f\x3d\x8f\x3d\x8f\x3d\x8f\x3d\x8f\x3d\x8f\x3d\x8f\x3d\x8f\x3d\x8f\x3d\x8f\x3d\x8f\x3d\x8f\x3d\x8f\x3d\x8f\x45\xd0\x3d\x8f'
    b'\x3d\xb0\x3d\xb0\x3d\x8f\x3d\x8f\x3d\x8f\x3d\x8f\x3d\x8f\x3d\x8f\x3d\x8f\x45\xd0\x3d\xaf\x3d\x8f\x3d\x8f\x3d\x8f\x3d\x8f\x45\xb0'
    b'\x3d\x8f\x45\xd0\x56\x12\x3d\x8f\x3d\xaf\x45\xb0\x3d\x8f\x3d\x8f\x3d\x8f\x3d\x8f\x3d\x8f\x3d\x8f\x3d\x8f\x3d\x8f\x3d\x8f\x3d\x8f'
    b'\x3d\x8f\x3d\xb0\x3d\xb0\x3d\x8f\x3d\x8f\x3d\x8f\x45\xb0\x3d\xaf\x3d\x8f\x3d\x8f\x3d\x8f\x45\xb0\x3d\xaf\x3d\x8f\x3d\x8f\x3d\xaf'
    b'\x45\xb0\x3d\xaf\x45\xb0\x3d\x8f\x45\xb0\x3d\xaf\x3d\x8f\x3d\x8f\x3d\x8f\x3d\x8f\x3d\x8f\x3d\x8f\x3d\x8f\x45\xb0\x3d\x8f\x3d\x8f'
    b'\x3d\x8f\x45\xb0\x3d\xb0\x3d\x8f\x3d\x8f\x3d\x8f\x45\xb0\x3d\xaf\x3d\x8f\x3d\x8f\x3d\x8f\x3d\x8f\x3d\x8f\x3d\x8f\x45\xb0\x3d\xb0'
    b'\x3d\x8f\x3d\x8f\x3d\x8f\x45\xb0\x3d\xaf\x45\xb0\x56\x12\x3d\x8f\x4d\xf1\x4d\xd0\x3d\xb0\x56\x12\x3d\xaf\x3d\x8f\x3d\xb0\x45\xb0'
    b'\x45\xb0\x3d\xb0\x3d\x8f\x3d\x8f\x3d\x8f\x3d\x8f\x3d\x8f\x3d\x8f\x3d\x8f\x3d\xaf\x45\xb0\x3d\x8f\x3d\x8f\x3d\x8f\x3d\x8f\x3d\x8f'
    b'\x3d\x8f\x3d\xaf\x45\xb0\x3d\x8f\x56\x12\x45\xd0\x45\xb0\x56\x12\x3d\x8f\x55\xf1\x4d\xf1\x35\x8f\x3d\x8f\x3d\xb0\x3d\xb0\x3d\xb0'
    b'\x3d\x8f\x3d\x8f\x3d\x8f\x3d\x8f\x3d\x8f\x3d\x8f\x3d\x8f\x3d\x8f\x45\xb0\x3d\xaf\x3d\x8f\x3d\x8f\x3d\x8f\x3d\x8f\x3d\x8f\x3d\x8f'
    b'\x3d\xaf\x45\xd0\x45\xb0\x45\xd0\x45\xd0\x45\xb0\x45\xb0\x45\xd0\x45\xd0\x45\xb0\x45\xb0\x45\xd0\x45\xd0\x45\xd0\x45\xd0\x3d\x8f'
    b'\x3d\xb0\x3d\xb0\x3d\x8f\x3d\x8f\x3d\x8f\x3d\x8f\x3d\x8f\x3d\x8f\x45\xd0\x3d\xaf\x3d\x8f\x3d\x8f\x3d\x8f\x3d\x8f\x3d\x8f\x45\xb0'
    b'\x3d\xaf\x45\xd0\x56\x12\x3d\x8f\x3d\x8f\x45\xb0\x3d\x8f\x3d\x8f\x3d\x8f\x3d\x8f\x3d\x8f\x3d\xaf\x3d\x8f\x3d\x8f\x3d\x8f\x3d\x8f'
    b'\x3d\x8f\x3d\xb0\x3d\xb0\x3d\x8f\x3d\x8f\x3d\x8f\x45\xb0\x3d\xaf\x3d\x8f\x3d\x8f\x3d\x8f\x45\xb0\x3d\xaf\x3d\x8f\x3d\x8f\x3d\xaf'
    b'\x45\xd0\x45\xd0\x45\xb0\x3d\x8f\x45\xb0\x3d\xaf\x3d\x8f\x3d\x8f\x3d\x8f\x3d\x8f\x3d\x8f\x3d\x8f\x3d\x8f\x45\xb0\x3d\x8f\x3d\x8f'
    b'\x3d\xaf\x45\xd1\x3d\xaf\x3d\x8f\x3d\x8f\x3d\x8f\x45\xb0\x3d\xaf\x3d\x8f\x3d\x8f\x3d\x8f\x3d\x8f\x3d\x8f\x3d\x8f\x3d\x8f\x45\xb0'
    b'\x3d\xaf\x3d\x8f\x3d\x8f\x45\xb0\x3d\x8f\x45\xb0\x56\x12\x3d\x8f\x56\x11\x4d\xd1\x3d\xb0\x5e\x12\x3d\xaf\x3d\x8f\x3d\xaf\x3d\xb0'
    b'\x3d\xb0\x3d\xaf\x3d\x8f\x3d\x8f\x3d\x8f\x3d\x8f\x3d\x8f\x3d\x8f\x3d\x8f\x3d\xaf\x45\xb0\x3d\x8f\x3d\x8f\x3d\x8f\x3d\x8f\x3d\x8f'
    b'\x3d\x8f\x3d\xaf\x45\xb0\x3d\x8f\x3d\xb0\x3d\xaf\x3d\x8f\x3d\xb0\x3d\x8f\x3d\xb0\x3d\xaf\x3d\xaf\x3d\xaf\x3d\x8f\x3d\x8f\x3d\x8f'
    b'\x3d\x8f\x3d\x8f\x3d\x8f\x3d\x8f\x3d\x8f\x3d\x8f\x3d\x8f\x3d\x8f\x45\xb0\x3d\xaf\x3d\x8f\x3d\x8f\x3d\x8f\x3d\x8f\x3d\x8f\x3d\xaf'
    b'\x45\xb0\x3d\x8f\x3d\x8f\x3d\x8f\x3d\x8f\x3d\x8f\x3d\x8f\x3d\x8f\x3d\x8f\x3d\x8f\x3d\x8f\x3d\x8f\x3d\x8f\x3d\x8f\x3d\x8f\x3d\x8f'
    b'\x3d\xb0\x3d\xb0\x3d\x8f\x3d\x8f\x3d\x8f\x3d\x8f\x3d\x8f\x45\xd0\x3d\xaf\x3d\x8f\x3d\x8f\x3d\x8f\x3d\x8f\x3d\x8f\x3d\x8f\x45\xb0'
    b'\x3d\xaf\x3d\x8f\x3d\x8f\x3d\x8f\x3d\xb0\x45\xb0\x3d\x8f\x3d\x8f\x3d\x8f\x3d\x8f\x3d\xb0\x45\xd1\x45\xd0\x45\xb0\x45\xb0\x45\xb0'
    b'\x45\xb0\x45\xd0\x3d\xb0\x3d\x8f\x3d\x8f\x3d\x8f\x45\xb0\x3d\xaf\x3d\x8f\x3d\x8f\x3d\x8f\x45\xb0\x3d\xaf\x3d\x8f\x3d\x8f\x3d\x8f'
    b'\x3d\xb0\x45\xd0\x3d\x8f\x3d\x8f\x45\xb0\x3d\xaf\x3d\x8f\x3d\x8f\x3d\x8f\x3d\x8f\x3d\x8f\x3d\x8f\x3d\x8f\x45\xb0\x3d\x8f\x3d\x8f'
    b'\x3d\x8f\x3d\xb0\x3d\x8f\x3d\x8f\x3d\x8f\x3d\x8f\x45\xb0\x3d\xaf\x3d\x8f\x3d\x8f\x3d\x8f\x3d\x8f\x3d\x8f\x3d\x8f\x3d\x8f\x3d\xaf'
    b'\x45\xb0\x3d\x8f\x3d\x8f\x45\xb0\x3d\xaf\x3d\x8f\x3d\xb0\x3d\x8f\x3d\xb0\x3d\xaf\x3d\x8f\x3d\xb0\x3d\x8f\x45\xb0\x3d\x8f\x3d\x8f'
    b'\x3d\x8f\x3d\x8f\x3d\x8f\x3d\x8f\x3d\x8f\x3d\x8f\x3d\x8f\x3d\x8f\x3d\x8f\x3d\xaf\x45\xb0\x3d\x8f\x3d\x8f\x3d\x8f\x3d\x8f\x3d\x8f'
    b'\x3d\x8f\x3d\xaf\x45\xb0\x3d\x8f\x45\xb0\x3d\xaf\x3d\x8f\x45\xb0\x3d\x8f\x45\xb0\x3d\xaf\x56\x12\x56\x12\x35\x8f\x3d\x8f\x3d\x8f'
    b'\x3d\x8f\x3d\x8f\x3d\x8f\x3d\x8f\x3d\x8f\x3d\x8f\x3d\x8f\x3d\x8f\x45\xb0\x3d\xaf\x3d\x8f\x3d\x8f\x3d\x8f\x3d\x8f\x3d\xaf\x45\xb0'
    b'\x3d\x8f\x3d\x8f\x3d\xaf\x45\xd0\x45\xb0\x45\xb0\x45\xb0\x45\xb0\x45\xb0\x45\xb0\x45\xb0\x45\xb0\x45\xb0\x45\xb0\x45\xb0\x45\xb0'
    b'\x45\xd0\x3d\xb0\x3d\x8f\x3d\x8f\x3d\x8f\x3d\x8f\x45\xd0\x3d\xaf\x3d\x8f\x3d\x8f\x3d\x8f\x3d\x8f\x3d\x8f\x3d\x8f\x3d\xb0\x45\xb0'
    b'\x3d\x8f\x3d\x8f\x3d\x8f\x3d\xaf\x45\xd0\x3d\x8f\x3d\x8f\x3d\x8f\x3d\x8f\x3d\x8f\x3d\x8f\x3d\xb0\x3d\x8f\x3d\x8f\x3d\x8f\x3d\x8f'
    b'\x3d\x8f\x3d\x8f\x3d\x8f\x3d\x8f\x3d\x8f\x3d\x8f\x45\xb0\x3d\xaf\x3d\x8f\x3d\x8f\x3d\x8f\x45\xb0\x3d\xaf\x3d\x8f\x3d\x8f\x35\x8f'
    b'\x4d\xd1\x5e\x32\x3d\x8f\x3d\x8f\x45\xb0\x3d\xaf\x3d\x8f\x3d\x8f\x3d\x8f\x3d\x8f\x3d\x8f\x3d\x8f\x3d\x8f\x45\xb0\x3d\x8f\x3d\x8f'
    b'\x3d\x8f\x3d\x8f\x3d\x8f\x3d\x8f\x3d\x8f\x3d\x8f\x45\xb0\x3d\xaf\x3d\x8f\x3d\x8f\x3d\x8f\x3d\x8f\x3d\x8f\x3d\x8f\x3d\x8f\x3d\xaf'
    b'\x45\xb0\x3d\x8f\x3d\x8f\x45\xb0\x3d\xaf\x3d\x8f\x45\xb0\x3d\x8f\x3d\xb0\x3d\xb0\x3d\x8f\x3d\xb0\x45\xb0\x66\x33\x45\xb0\x3d\x8f'
    b'\x3d\x8f\x3d\x8f\x3d\x8f\x3d\x8f\x3d\x8f\x3d\x8f\x3d\x8f\x3d\x8f\x3d\x8f\x3d\xaf\x45\xb0\x3d\x8f\x3d\x8f\x3d\x8f\x3d\x8f\x3d\x8f'
    b'\x3d\x8f\x3d\xaf\x45\xb0\x3d\x8f\x45\xb0\x3d\xaf\x3d\x8f\x45\xb0\x3d\x8f\x3d\xb0\x3d\xaf\x3d\xb0\x45\xd0\x3d\xb0\x3d\x8f\x3d\x8f'
    b'\x3d\x8f\x3d\x8f\x3d\xaf\x45\xd0\x3d\xb0\x3d\xb0\x3d\xb0\x3d\xb0\x45\xd0\x3d\xaf\x3d\x8f\x3d\x8f\x3d\x8f\x3d\xaf\x45\xb0\x3d\x8f'
    b'\x3d\x8f\x3d\xaf\x45\xd0\x3d\xaf\x3d\x8f\x3d\x8f\x3d\x8f\x3d\x8f\x3d\x8f\x3d\x8f\x3d\x8f\x3d\x8f\x3d\x8f\x3d\x8f\x3d\x8f\x3d\x8f'
    b'\x3d\x8f\x3d\x8f\x3d\x8f\x3d\x8f\x3d\x8f\x45\xd0\x3d\xaf\x3d\x8f\x3d\x8f\x3d\x8f\x3d\x8f\x3d\x8f\x3d\x8f\x3d\xb0\x45\xb0\x3d\x8f'
    b'\x3d\x8f\x3d\x8f\x3d\xaf\x45\xd0\x3d\x8f\x3d\x8f\x3d\x8f\x3d\x8f\x3d\x8f\x3d\x8f\x3d\x8f\x3d\x8f\x3d\x8f\x3d\x8f\x3d\x8f\x3d\x8f'
    b'\x3d\x8f\x3d\x8f\x3d\x8f\x3d\x8f\x3d\x8f\x3d\x8f\x45\xb0\x3d\xaf\x3d\x8f\x3d\x8f\x3d\x8f\x45\xb0\x3d\xaf\x3d\x8f\x3d\x8f\x3d\x8f'
    b'\x3d\xaf\x45\xb0\x3d\x8f\x3d\x8f\x45\xd0\x3d\xb0\x3d\x8f\x3d\x8f\x3d\x8f\x3d\x8f\x3d\x8f\x3d\x8f\x3d\x8f\x45\xd0\x3d\x8f\x3d\xaf'
    b'\x3d\xaf\x3d\xaf\x3d\xaf\x3d\x8f\x3d\xb0\x3d\x8f\x45\xd0\x3d\xaf\x3d\xb0\x3d\x8f\x3d\x8f\x3d\x8f\x3d\x8f\x3d\xb0\x3d\xaf\x3d\xaf'
    b'\x45\xb0\x3d\x8f\x3d\x8f\x45\xb0\x3d\xaf\x3d\x8f\x45\xb0\x3d\x8f\x3d\xb0\x3d\xb0\x3d\x8f\x45\xb0\x3d\xaf\x45\xd0\x45\xd0\x3d\x8f'
    b'\x3d\x8f\x3d\x8f\x3d\x8f\x3d\x8f\x3d\xb0\x45\xb0\x3d\xb0\x3d\xb0\x3d\xaf\x45\xb0\x45\xb0\x3d\x8f\x3d\x8f\x3d\x8f\x3d\x8f\x45\xb0'
    b'\x3d\x8f\x3d\xaf\x45\xb0\x3d\x8f\x45\xb0\x3d\xaf\x3d\x8f\x45\xb0\x3d\x8f\x3d\xb0\x3d\xb0\x3d\x8f\x3d\x8f\x45\xb0\x3d\xb0\x3d\x8f'
    b'\x3d\x8f\x3d\x8f\x3d\xaf\x45\xd0\x45\xb0\x3d\xb0\x3d\xb0\x3d\xb0\x45\xd0\x3d\xaf\x3d\x8f\x3d\x8f\x3d\xb0\x45\xb0\x3d\x8f\x3d\x8f'
    b'\x3d\xaf\x45\xd0\x3d\x8f\x3d\x8f\x3d\x8f\x3d\xb0\x3d\xb0\x3d\xb0\x3d\xb0\x3d\xb0\x3d\xb0\x3d\xb0\x3d\xb0\x3d\x8f\x3d\x8f\x3d\x8f'
    b'\x3d\x8f\x3d\x8f\x3d\x8f\x3d\x8f\x45\xd0\x3d\xaf\x3d\x8f\x3d\x8f\x3d\x8f\x3d\x8f\x3d\x8f\x3d\x8f\x3d\xb0\x45\xb0\x3d\x8f\x3d\x8f'
    b'\x3d\x8f\x3d\xaf\x45\xd0\x3d\x8f\x3d\x8f\x3d\x8f\x3d\x8f\x3d\x8f\x3d\x8f\x3d\x8f\x3d\x8f\x3d\xaf\x3d\xb0\x3d\xb0\x3d\xaf\x3d\x8f'
    b'\x3d\x8f\x3d\x8f\x3d\x8f\x3d\x8f\x3d\x8f\x3d\x8f\x45\xb0\x3d\xaf\x3d\x8f\x3d\x8f\x3d\x8f\x45\xb0\x3d\xaf\x3d\x8f\x3d\x8f\x3d\x8f'
    b'\x3d\x8f\x3d\x8f\x3d\x8f\x3d\x8f\x45\xd0\x3d\xb0\x3d\x8f\x3d\x8f\x3d\x8f\x3d\x8f\x3d\x8f\x3d\x8f\x45\xb0\x66\x33\x3d\xb0\x56\x12'
    b'\x56\x11\x55\xf1\x56\x12\x3d\xaf\x5e\x33\x4d\xd0\x5e\x32\x4d\xd0\x5e\x32\x4d\xf1\x3d\xb0\x45\xb0\x45\xd0\x5e\x32\x4d\xd1\x3d\x8f'
    b'\x45\xb0\x3d\x8f\x3d\x8f\x45\xb0\x3d\xaf\x3d\x8f\x45\xb0\x3d\x8f\x3d\xb0\x3d\xb0\x3d\x8f\x45\xb0\x3d\x8f\x3d\x8f\x3d\xaf\x45\xd0'
    b'\x3d\x8f\x3d\x8f\x3d\x8f\x3d\x8f\x45\xb0\x45\xd0\x3d\xb0\x3d\xb0\x3d\xb0\x45\xd0\x45\xb0\x3d\x8f\x3d\x8f\x3d\x8f\x45\xb0\x3d\xb0'
    b'\x3d\x8f\x3d\xaf\x45\xb0\x3d\x8f\x45\xb0\x3d\xaf\x3d\x8f\x45\xb0\x3d\x8f\x3d\xb0\x3d\xb0\x3d\x8f\x3d\x8f\x3d\x8f\x45\xb0\x45\xb0'
    b'\x3d\xaf\x3d\x8f\x3d\x8f\x3d\x8f\x3d\x8f\x3d\x8f\x3d\x8f\x3d\x8f\x45\xb0\x3d\xaf\x3d\x8f\x3d\xaf\x45\xd0\x3d\x8f\x3d\x8f\x3d\xaf'
    b'\x45\xd0\x3d\x8f\x3d\x8f\x3d\x8f\x45\xb0\x45\xb0\x3d\xb0\x3d\xb0\x3d\xb0\x3d\xb0\x3d\xb0\x3d\xb0\x45\xd0\x3d\xb0\x3d\x8f\x3d\x8f'
    b'\x3d\x8f\x3d\x8f\x4d\xd1\x4d\xf1\x3d\xaf\x3d\x8f\x3d\x8f\x3d\x8f\x3d\x8f\x3d\x8f\x3d\x8f\x3d\xaf\x45\xd0\x3d\x8f\x3d\x8f\x3d\x8f'
    b'\x3d\xaf\x45\xd0\x3d\x8f\x3d\x8f\x3d\x8f\x3d\x8f\x3d\x8f\x3d\x8f\x3d\x8f\x3d\x8f\x3d\x8f\x45\xd0\x3d\xb0\x3d\xb0\x45\xd0\x3d\x8f'
    b'\x3d\x8f\x3d\x8f\x3d\x8f\x3d\x8f\x3d\x8f\x3d\x8f\x45\xb0\x3d\xaf\x3d\x8f\x3d\x8f\x3d\x8f\x45\xd0\x3d\xb0\x3d\xb0\x45\xb0\x3d\x8f'
    b'\x3d\x8f\x3d\x8f\x3d\x8f\x3d\x8f\x3d\x8f\x3d\x8f\x3d\x8f\x3d\x8f\x3d\x8f\x3d\x8f\x3d\x8f\x3d\x8f\x3d\xaf\x45\xd0\x3d\x8f\x45\xd0'
    b'\x45\xd0\x3d\xb0\x45\xb0\x3d\x8f\x45\xd0\x3d\xaf\x45\xd0\x3d\xaf\x45\xd0\x3d\xaf\x3d\x8f\x3d\x8f\x3d\x8f\x45\xd0\x3d\xb0\x3d\x8f'
    b'\x45\xb0\x3d\x8f\x3d\x8f\x45\xb0\x3d\xaf\x3d\x8f\x45\xb0\x3d\x8f\x3d\xb0\x3d\xb0\x3d\x8f\x45\xb0\x3d\x8f\x3d\x8f\x3d\x8f\x3d\xaf'
    b'\x45\xd0\x3d\xb0\x3d\x8f\x3d\x8f\x3d\x8f\x3d\x8f\x3d\x8f\x3d\x8f\x3d\x8f\x3d\xaf\x45\xb0\x3d\x8f\x3d\x8f\x45\xb0\x3d\xb0\x3d\x8f'
    b'\x3d\x8f\x3d\xaf\x45\xb0\x3d\x8f\x45\xb0\x3d\xaf\x3d\x8f\x45\xb0\x3d\x8f\x3d\xb0\x3d\xb0\x3d\x8f\x3d\x8f\x3d\x8f\x35\x8f\x56\x12'
    b'\x56\x12\x35\x8f\x3d\x8f\x3d\x8f\x3d\x8f\x3d\x8f\x3d\x8f\x3d\x8f\x45\xb0\x3d\x8f\x3d\x8f\x45\xb0\x3d\x8f\x3d\x8f\x3d\xaf\x45\xd0'
    b'\x3d\x8f\x3d\x8f\x3d\x8f\x45\xb0\x3d\xb0\x3d\x8f\x3d\x8f\x3d\x8f\x3d\x8f\x3d\x8f\x3d\xaf\x3d\x8f\x3d\xb0\x3d\xb0\x3d\x8f\x3d\x8f'
    b'\x3d\x8f\x3d\x8f\x4d\xf1\x55\xf1\x3d\x8f\x3d\x8f\x3d\x8f\x3d\x8f\x3d\x8f\x3d\x8f\x3d\xaf\x45\xd0\x3d\x8f\x3d\x8f\x3d\x8f\x3d\xaf'
    b'\x45\xd0\x3d\x8f\x3d\x8f\x3d\x8f\x3d\x8f\x3d\x8f\x3d\x8f\x3d\x8f\x3d\x8f\x3d\x8f\x3d\x8f\x45\xd0\x3d\xaf\x3d\xb0\x45\xd0\x3d\x8f'
    b'\x3d\x8f\x3d\x8f\x3d\x8f\x3d\x8f\x3d\x8f\x3d\x8f\x45\xb0\x3d\xaf\x3d\x8f\x3d\x8f\x3d\x8f\x3d\xb0\x3d\xb0\x45\xd0\x45\xd0\x3d\x8f'
    b'\x3d\x8f\x3d\x8f\x3d\x8f\x3d\x8f\x3d\x8f\x3d\x8f\x3d\x8f\x3d\x8f\x3d\x8f\x3d\x8f\x3d\x8f\x3d\x8f\x3d\x8f\x35\x8f\x3d\x8f\x3d\xaf'
    b'\x45\xb0\x3d\xb0\x3d\xb0\x45\xb0\x3d\xb0\x3d\xb0\x3d\xb0\x3d\xb0\x3d\xb0\x3d\xb0\x45\xb0\x45\xb0\x45\xb0\x5e\x32\x4d\xd0\x3d\x8f'
    b'\x45\xb0\x3d\x8f\x3d\x8f\x45\xb0\x3d\xaf\x3d\x8f\x45\xb0\x3d\x8f\x3d\xb0\x3d\xb0\x3d\x8f\x45\xb0\x3d\x8f\x3d\x8f\x3d\x8f\x3d\x8f'
    b'\x45\xb0\x66\x33\x45\xb0\x3d\x8f\x3d\x8f\x3d\x8f\x3d\x8f\x3d\x8f\x3d\x8f\x3d\xaf\x45\xb0\x3d\x8f\x45\xb0\x3d\xb0\x3d\x8f\x3d\x8f'
    b'\x3d\x8f\x3d\xaf\x45\xb0\x3d\x8f\x45\xb0\x3d\xaf\x3d\x8f\x45\xb0\x3d\x8f\x3d\xb0\x3d\xb0\x3d\x8f\x3d\x8f\x3d\x8f\x3d\x8f\x45\xb0'
    b'\x45\xb0\x3d\x8f\x3d\x8f\x3d\x8f\x3d\x8f\x3d\x8f\x3d\x8f\x3d\x8f\x45\xb0\x3d\x8f\x3d\xaf\x3d\xb0\x3d\x8f\x3d\xaf\x45\xd0\x3d\x8f'
    b'\x3d\x8f\x3d\x8f\x3d\xb0\x3d\xb0\x3d\x8f\x5e\x32\x4d\xf1\x35\x8f\x3d\x8f\x3d\x8f\x56\x12\x56\x12\x45\xd0\x3d\xb0\x3d\x8f\x3d\x8f'
    b'\x3d\x8f\x3d\x8f\x3d\x8f\x3d\x8f\x3d\x8f\x3d\x8f\x3d\x8f\x3d\x8f\x3d\x8f\x3d\xaf\x45\xd0\x3d\x8f\x3d\x8f\x3d\x8f\x3d\xaf\x45\xd0'
    b'\x3d\x8f\x3d\x8f\x3d\xaf\x3d\xaf\x3d\xaf\x3d\xaf\x3d\xaf\x3d\xaf\x3d\xaf\x3d\xaf\x3d\xaf\x3d\xb0\x3d\xb0\x3d\xb0\x3d\xb0\x3d\x8f'
    b'\x35\x8f\x3d\x8f\x3d\x8f\x35\x8f\x3d\x8f\x3d\x8f\x45\xb0\x3d\xaf\x3d\x8f\x3d\x8f\x3d\x8f\x3d\x8f\x3d\x8f\x3d\xaf\x45\xb0\x3d\x8f'
    b'\x3d\x8f\x3d\x8f\x3d\x8f\x3d\x8f\x3d\x8f\x3d\x8f\x3d\x8f\x3d\x8f\x3d\x8f\x3d\x8f\x3d\x8f\x3d\x8f\x3d\x8f\x3d\xaf\x3d\xb0\x3d\xb0'
    b'\x3d\xb0\x3d\xb0\x3d\xb0\x3d\xb0\x3d\xb0\x3d\xb0\x3d\xb0\x3d\xb0\x3d\xb0\x3d\xb0\x3d\xb0\x3d\xb0\x3d\xaf\x4d\xd0\x3d\xb0\x3d\x8f'
    b'\x45\xb0\x3d\x8f\x3d\x8f\x45\xb0\x3d\xaf\x3d\x8f\x45\xb0\x3d\x8f\x3d\xb0\x3d\xb0\x3d\x8f\x45\xb0\x3d\x8f\x3d\x8f\x3d\x8f\x3d\x8f'
    b'\x3d\x8f\x45\xd0\x3d\xaf\x3d\x8f\x3d\x8f\x3d\x8f\x3d\x8f\x3d\x8f\x3d\x8f\x3d\xaf\x45\xb0\x3d\x8f\x45\xb0\x3d\xaf\x3d\x8f\x45\xb0'
    b'\x3d\x8f\x3d\xaf\x45\xb0\x3d\x8f\x45\xb0\x3d\xaf\x3d\x8f\x45\xb0\x3d\x8f\x3d\xb0\x3d\xb0\x3d\x8f\x3d\x8f\x3d\x8f\x3d\x8f\x3d\xb0'
    b'\x45\xb0\x45\xb0\x45\xb0\x45\xb0\x45\xb0\x45\xb0\x3d\x8f\x3d\x8f\x45\xb0\x3d\x8f\x3d\xaf\x3d\xb0\x3d\x8f\x45\xd0\x3d\x8f\x3d\x8f'
    b'\x3d\x8f\x3d\x8f\x45\xb0\x3d\xaf\x3d\x8f\x45\xd0\x45\xd0\x3d\xaf\x3d\x8f\x3d\x8f\x45\xd0\x45\xb0\x3d\xb0\x3d\xb0\x3d\x8f\x3d\x8f'
    b'\x3d\x8f\x3d\x8f\x3d\x8f\x3d\x8f\x3d\x8f\x3d\x8f\x3d\x8f\x3d\x8f\x3d\xb0\x45\xd0\x3d\x8f\x3d\x8f\x3d\x8f\x3d\xaf\x45\xd0\x3d\x8f'
    b'\x3d\x8f\x3d\xb0\x4d\xf1\x55\xf1\x45\xd0\x56\x11\x45\xd0\x56\x11\x45\xd0\x56\x12\x45\xd0\x3d\xaf\x3d\xaf\x4d\xf1\x3d\xaf\x3d\xaf'
    b'\x4d\xf1\x3d\xaf\x3d\xaf\x4d\xf1\x3d\xb0\x3d\x8f\x45\xb0\x3d\xaf\x3d\x8f\x3d\x8f\x3d\x8f\x3d\x8f\x3d\x8f\x3d\xaf\x45\xb0\x3d\x8f'
    b'\x3d\x8f\x3d\x8f\x3d\x8f\x3d\x8f\x3d\x8f\x3d\x8f\x3d\x8f\x3d\x8f\x3d\x8f\x3d\x8f\x3d\x8f\x3d\x8f\x3d\x8f\x45\xd0\x45\xb0\x45\xb0'
    b'\x45\xb0\x45\xb0\x45\xb0\x3d\xb0\x45\xb0\x3d\xb0\x3d\xb0\x3d\xb0\x3d\xb0\x3d\xb0\x3d\xb0\x3d\xb0\x45\xb0\x5e\x32\x4d\xd0\x3d\x8f'
    b'\x45\xb0\x3d\x8f\x3d\x8f\x45\xb0\x3d\xaf\x3d\x8f\x45\xb0\x3d\x8f\x3d\xb0\x3d\xb0\x3d\x8f\x45\xb0\x3d\x8f\x3d\x8f\x3d\x8f\x3d\x8f'
    b'\x3d\xaf\x3d\xb0\x45\xb0\x45\xb0\x45\xb0\x45\xb0\x45\xd0\x3d\xb0\x3d\x8f\x3d\xb0\x45\xb0\x3d\x8f\x45\xb0\x3d\x8f\x3d\xb0\x3d\xb0'
    b'\x3d\x8f\x3d\xaf\x45\xb0\x3d\x8f\x45\xb0\x3d\xaf\x3d\x8f\x45\xb0\x3d\x8f\x3d\xb0\x3d\xb0\x3d\x8f\x3d\x8f\x3d\x8f\x3d\x8f\x45\xd0'
    b'\x3d\xaf\x3d\xaf\x3d\xaf\x3d\xaf\x3d\xaf\x45\xd0\x3d\xaf\x3d\x8f\x45\xb0\x3d\x8f\x3d\xaf\x3d\xb0\x3d\xaf\x45\xb0\x3d\x8f\x3d\x8f'
    b'\x3d\x8f\x3d\x8f\x45\xb0\x3d\xaf\x3d\x8f\x3d\x8f\x3d\x8f\x45\xb0\x3d\xb0\x3d\x8f\x3d\x8f\x3d\x8f\x3d\xb0\x3d\xaf\x3d\x8f\x3d\x8f'
    b'\x3d\x8f\x3d\x8f\x3d\x8f\x3d\x8f\x3d\x8f\x3d\x8f\x3d\x8f\x3d\xaf\x45\xd0\x3d\x8f\x3d\x8f\x3d\x8f\x3d\xaf\x45\xd0\x3d\x8f\x3d\x8f'
    b'\x3d\x8f\x3d\xb0\x4d\xf1\x5e\x12\x4d\xd1\x5e\x12\x4d\xd1\x5e\x12\x4d\xd0\x5e\x32\x45\xd0\x3d\xaf\x45\xb0\x5e\x32\x3d\xaf\x3d\xb0'
    b'\x5e\x32\x3d\xb0\x3d\xaf\x5e\x32\x45\xb0\x3d\x8f\x45\xd0\x3d\xaf\x3d\x8f\x3d\x8f\x3d\x8f\x3d\x8f\x3d\x8f\x3d\xb0\x45\xd0\x3d\x8f'
    b'\x3d\x8f\x3d\x8f\x3d\x8f\x3d\x8f\x3d\x8f\x3d\x8f\x4d\xf1\x45\xd0\x3d\x8f\x3d\x8f\x3d\x8f\x35\x8f\x3d\x8f\x3d\xb0\x3d\x8f\x35\x8f'
    b'\x35\x8f\x35\x8f\x35\x8f\x3d\x8f\x35\x8f\x35\x8f\x3d\xaf\x3d\xb0\x3d\xb0\x3d\xb0\x45\xb0\x3d\xaf\x3d\x8f\x45\xd0\x3d\xaf\x3d\xaf'
    b'\x45\xb0\x3d\x8f\x3d\x8f\x45\xb0\x3d\xaf\x3d\x8f\x45\xb0\x3d\x8f\x3d\xb0\x3d\xb0\x3d\x8f\x45\xb0\x3d\x8f\x3d\x8f\x3d\x8f\x3d\x8f'
    b'\x3d\xb0\x45\xb0\x3d\x8f\x3d\xaf\x3d\xaf\x3d\xaf\x3d\xb0\x3d\xb0\x3d\x8f\x3d\xb0\x45\xb0\x3d\x8f\x45\xb0\x3d\x8f\x3d\xb0\x3d\xaf'
    b'\x3d\x8f\x3d\xaf\x45\xb0\x3d\x8f\x45\xb0\x3d\xaf\x3d\x8f\x45\xb0\x3d\x8f\x3d\xb0\x3d\xb0\x3d\x8f\x3d\x8f\x3d\x8f\x3d\x8f\x45\xb0'
    b'\x3d\x8f\x3d\x8f\x3d\x8f\x3d\x8f\x3d\x8f\x45\xb0\x3d\xaf\x3d\x8f\x45\xb0\x3d\x8f\x3d\xaf\x3d\xb0\x3d\xaf\x45\xb0\x3d\x8f\x3d\x8f'
    b'\x35\x8f\x3d\x8f\x3d\xb0\x45\xb0\x3d\x8f\x3d\x8f\x3d\x8f\x3d\x8f\x5e\x32\x4d\xf1\x3d\x8f\x3d\x8f\x4d\xf1\x4d\xd1\x3d\x8f\x3d\x8f'
    b'\x4d\xd0\x4d\xd1\x3d\x8f\x3d\x8f\x3d\x8f\x3d\x8f\x3d\xaf\x45\xd0\x3d\x8f\x3d\x8f\x3d\x8f\x3d\xaf\x45\xd0\x3d\x8f\x3d\x8f\x3d\x8f'
    b'\x3d\x8f\x3d\xb0\x3d\xb0\x3d\xb0\x3d\xb0\x3d\xb0\x3d\xb0\x45\xd0\x3d\xb0\x3d\xb0\x3d\xb0\x3d\xaf\x3d\xb0\x45\xd0\x3d\xb0\x3d\xb0'
    b'\x45\xd0\x3d\xb0\x3d\xb0\x45\xd0\x45\xb0\x3d\x8f\x45\xb0\x3d\xaf\x3d\x8f\x3d\x8f\x3d\x8f\x3d\x8f\x3d\x8f\x3d\xb0\x45\xd0\x3d\x8f'
    b'\x3d\x8f\x3d\x8f\x3d\x8f\x3d\x8f\x3d\x8f\x3d\x8f\x56\x12\x4d\xf1\x35\x8f\x3d\x8f\x3d\xb0\x4d\xf1\x45\xb0\x55\xf1\x3d\xaf\x4d\xd0'
    b'\x45\xd0\x45\xd0\x4d\xd1\x3d\xaf\x4d\xf1\x45\xb0\x55\xf1\x45\xd0\x4d\xf1\x45\xb0\x3d\xb0\x45\xd0\x3d\xaf\x4d\xf1\x45\xb0\x3d\x8f'
    b'\x45\xb0\x3d\x8f\x3d\x8f\x45\xb0\x3d\xaf\x3d\x8f\x45\xb0\x3d\x8f\x3d\xb0\x3d\xb0\x3d\x8f\x45\xb0\x3d\x8f\x3d\x8f\x3d\x8f\x3d\x8f'
    b'\x3d\xb0\x3d\xb0\x3d\x8f\x3d\x8f\x3d\x8f\x3d\x8f\x3d\xaf\x3d\xb0\x3d\x8f\x3d\xb0\x45\xb0\x3d\x8f\x45\xb0\x3d\x8f\x3d\xb0\x3d\xaf'
    b'\x3d\x8f\x3d\xaf\x45\xb0\x3d\x8f\x45\xb0\x3d\xaf\x3d\x8f\x45\xb0\x3d\x8f\x3d\xb0\x3d\xb0\x3d\x8f\x3d\x8f\x3d\x8f\x3d\x8f\x45\xd0'
    b'\x3d\xb0\x3d\xb0\x3d\xb0\x3d\xb0\x3d\xb0\x45\xd0\x3d\xaf\x3d\x8f\x45\xb0\x3d\x8f\x3d\xaf\x3d\xb0\x3d\xaf\x45\xb0\x3d\x8f\x45\xb0'
    b'\x4d\xf1\x3d\xaf\x35\x8f\x4d\xd1\x5e\x32\x3d\xaf\x3d\x8f\x3d\x8f\x45\xd0\x45\xd0\x3d\x8f\x3d\x8f\x56\x11\x55\xf1\x3d\x8f\x3d\x8f'
    b'\x56\x11\x56\x11\x35\x8f\x3d\x8f\x3d\x8f\x3d\xaf\x45\xd0\x3d\x8f\x3d\x8f\x3d\x8f\x3d\xaf\x45\xd0\x3d\x8f\x3d\x8f\x3d\x8f\x3d\x8f'
    b'\x3d\x8f\x3d\x8f\x3d\x8f\x3d\x8f\x3d\x8f\x3d\x8f\x3d\xaf\x45\xb0\x3d\x8f\x3d\x8f\x3d\x8f\x3d\x8f\x45\xd0\x3d\xaf\x45\xd0\x45\xd0'
    b'\x3d\xaf\x45\xd0\x45\xd0\x3d\xaf\x45\xd0\x3d\x8f\x45\xb0\x3d\xaf\x3d\x8f\x3d\x8f\x3d\x8f\x3d\x8f\x3d\x8f\x3d\x8f\x3d\x8f\x3d\x8f'
    b'\x3d\x8f\x3d\x8f\x3d\x8f\x3d\x8f\x3d\x8f\x3d\x8f\x3d\x8f\x45\xb0\x3d\x8f\x3d\x8f\x45\xd0\x5e\x32\x45\xd0\x5e\x32\x3d\xaf\x55\xf1'
    b'\x4d\xf1\x4d\xf1\x56\x11\x3d\xaf\x5e\x32\x45\xd0\x5e\x12\x45\xd0\x5e\x12\x45\xd0\x3d\x8f\x45\xb0\x45\xb0\x5e\x32\x45\xd0\x3d\x8f'
    b'\x45\xb0\x3d\x8f\x3d\x8f\x45\xb0\x3d\xaf\x3d\x8f\x45\xb0\x3d\x8f\x3d\xb0\x3d\xb0\x3d\x8f\x45\xb0\x3d\x8f\x3d\x8f\x3d\x8f\x3d\x8f'
    b'\x3d\xb0\x45\xd0\x3d\xb0\x3d\xb0\x3d\xb0\x3d\xb0\x45\xd0\x3d\xb0\x3d\x8f\x3d\xb0\x45\xb0\x3d\x8f\x45\xb0\x3d\x8f\x3d\xb0\x3d\xaf'
    b'\x3d\x8f\x3d\xaf\x45\xb0\x3d\x8f\x45\xb0\x3d\xaf\x3d\x8f\x45\xb0\x3d\x8f\x3d\xb0\x3d\xb0\x3d\x8f\x3d\x8f\x3d\x8f\x3d\x8f\x45\xd0'
    b'\x3d\xb0\x3d\xb0\x3d\xb0\x3d\xb0\x3d\xb0\x45\xd0\x3d\xaf\x3d\x8f\x45\xb0\x3d\x8f\x3d\xaf\x3d\xb0\x3d\xaf\x45\xb0\x35\x8f\x45\xd0'
    b'\x56\x12\x45\xb0\x3d\xb0\x3d\xb0\x45\xd0\x3d\x8f\x3d\x8f\x3d\x8f\x3d\xaf\x3d\xb0\x3d\x8f\x3d\x8f\x3d\x8f\x3d\x8f\x3d\x8f\x3d\x8f'
    b'\x3d\xb0\x3d\xb0\x3d\x8f\x3d\x8f\x3d\x8f\x3d\xb0\x3d\xb0\x3d\x8f\x3d\x8f\x3d\xaf\x45\xd0\x3d\x8f\x3d\x8f\x3d\x8f\x3d\x8f\x3d\x8f'
    b'\x3d\x8f\x3d\x8f\x3d\x8f\x3d\x8f\x3d\x8f\x3d\x8f\x3d\xaf\x45\xb0\x3d\x8f\x3d\x8f\x3d\x8f\x3d\x8f\x45\xb0\x3d\x8f\x45\xd0\x45\xb0'
    b'\x3d\x8f\x45\xb0\x45\xd0\x3d\x8f\x45\xb0\x3d\x8f\x45\xb0\x3d\xaf\x3d\x8f\x3d\x8f\x3d\x8f\x3d\x8f\x3d\x8f\x3d\x8f\x3d\x8f\x3d\x8f'
    b'\x3d\x8f\x3d\x8f\x3d\x8f\x3d\x8f\x3d\x8f\x3d\x8f\x3d\x8f\x45\xb0\x3d\xaf\x3d\x8f\x3d\xaf\x3d\xb0\x3d\x8f\x3d\x8f\x3d\x8f\x3d\x8f'
    b'\x3d\x8f\x3d\x8f\x3d\x8f\x3d\x8f\x45\xb0\x3d\x8f\x3d\x8f\x3d\x8f\x45\xb0\x3d\xaf\x3d\x8f\x3d\x8f\x3d\x8f\x3d\x8f\x3d\x8f\x3d\xaf'
    b'\x45\xb0\x3d\x8f\x3d\x8f\x45\xb0\x3d\xaf\x3d\x8f\x45\xb0\x3d\x8f\x3d\xb0\x3d\xb0\x3d\x8f\x45\xb0\x3d\x8f\x3d\x8f\x3d\x8f\x3d\x8f'
    b'\x3d\xb0\x45\xd0\x3d\xb0\x3d\xb0\x3d\xb0\x3d\xb0\x45\xb0\x3d\xb0\x3d\x8f\x3d\xb0\x45\xb0\x3d\x8f\x45\xb0\x3d\x8f\x3d\xb0\x3d\xaf'
    b'\x3d\x8f\x3d\xaf\x45\xb0\x3d\x8f\x45\xb0\x3d\xaf\x3d\x8f\x45\xb0\x3d\x8f\x3d\xb0\x3d\xb0\x3d\x8f\x3d\x8f\x3d\x8f\x3d\x8f\x45\xb0'
    b'\x3d\x8f\x3d\x8f\x3d\xaf\x3d\x8f\x3d\x8f\x45\xb0\x3d\xaf\x3d\x8f\x45\xb0\x3d\x8f\x3d\xaf\x3d\xb0\x3d\xaf\x45\xb0\x3d\x8f\x45\xb0'
    b'\x4d\xf1\x3d\x8f\x3d\xb0\x45\xb0\x3d\xb0\x45\xb0\x3d\xaf\x3d\x8f\x3d\xb0\x45\xd0\x45\xb0\x45\xb0\x45\xb0\x45\xb0\x45\xb0\x45\xb0'
    b'\x45\xd0\x3d\xb0\x3d\x8f\x3d\x8f\x3d\x8f\x3d\xb0\x3d\xb0\x3d\x8f\x3d\xaf\x45\xd0\x3d\x8f\x3d\x8f\x3d\x8f\x3d\x8f\x3d\x8f\x3d\x8f'
    b'\x3d\x8f\x3d\x8f\x3d\x8f\x3d\x8f\x3d\x8f\x3d\x8f\x3d\xaf\x45\xb0\x3d\x8f\x3d\x8f\x3d\x8f\x3d\x8f\x45\xb0\x3d\x8f\x45\xd0\x45\xb0'
    b'\x3d\x8f\x45\xb0\x45\xd0\x3d\x8f\x45\xb0\x3d\x8f\x45\xb0\x3d\xaf\x3d\x8f\x3d\x8f\x3d\x8f\x3d\x8f\x3d\x8f\x3d\x8f\x3d\x8f\x3d\x8f'
    b'\x3d\x8f\x3d\x8f\x3d\x8f\x3d\x8f\x3d\x8f\x3d\x8f\x3d\x8f\x3d\xb0\x3d\xaf\x3d\x8f\x3d\xb0\x45\xb0\x3d\x8f\x3d\x8f\x3d\x8f\x3d\x8f'
    b'\x3d\x8f\x3d\x8f\x3d\x8f\x3d\x8f\x45\xb0\x3d\x8f\x3d\x8f\x3d\x8f\x3d\xb0\x3d\x8f\x3d\x8f\x3d\x8f\x3d\x8f\x3d\x8f\x3d\x8f\x3d\xaf'
    b'\x45\xb0\x3d\x8f\x3d\x8f\x45\xb0\x3d\xaf\x3d\x8f\x45\xb0\x3d\x8f\x3d\xb0\x3d\xb0\x3d\x8f\x45\xb0\x3d\x8f\x3d\x8f\x3d\x8f\x3d\x8f'
    b'\x3d\xb0\x3d\xb0\x3d\x8f\x3d\x8f\x3d\x8f\x3d\x8f\x3d\xaf\x3d\xb0\x3d\x8f\x3d\xb0\x45\xb0\x3d\x8f\x45\xb0\x3d\x8f\x3d\xb0\x3d\xaf'
    b'\x3d\x8f\x3d\xaf\x45\xb0\x3d\x8f\x45\xb0\x3d\xaf\x3d\x8f\x45\xb0\x3d\x8f\x3d\xb0\x3d\xb0\x3d\x8f\x3d\x8f\x3d\x8f\x3d\x8f\x45\xd0'
    b'\x3d\x8f\x3d\xb0\x45\xb0\x3d\xb0\x3d\x8f\x45\xb0\x3d\xaf\x3d\x8f\x45\xb0\x3d\x8f\x3d\xaf\x3d\xb0\x3d\xaf\x45\xb0\x35\x8f\x4d\xd0'
    b'\x56\x12\x45\xd0\x3d\xb0\x3d\x8f\x3d\xaf\x3d\xaf\x45\xd0\x3d\xaf\x3d\x8f\x3d\xaf\x3d\xaf\x3d\xaf\x3d\xaf\x3d\xaf\x3d\xaf\x3d\xaf'
    b'\x3d\xaf\x3d\x8f\x3d\x8f\x3d\x8f\x3d\x8f\x3d\xb0\x3d\xb0\x3d\x8f\x45\xb0\x3d\xaf\x3d\x8f\x3d\x8f\x3d\x8f\x3d\x8f\x3d\x8f\x3d\x8f'
    b'\x3d\x8f\x3d\x8f\x3d\x8f\x3d\x8f\x3d\x8f\x3d\x8f\x3d\xaf\x45\xb0\x3d\x8f\x3d\x8f\x3d\x8f\x3d\x8f\x45\xb0\x3d\x8f\x45\xd0\x45\xb0'
    b'\x3d\x8f\x45\xb0\x45\xd0\x3d\x8f\x45\xb0\x3d\x8f\x45\xb0\x3d\xaf\x3d\x8f\x3d\x8f\x3d\x8f\x3d\x8f\x3d\x8f\x3d\x8f\x3d\x8f\x3d\x8f'
    b'\x3d\x8f\x3d\x8f\x3d\x8f\x3d\x8f\x3d\x8f\x3d\x8f\x3d\x8f\x45\xb0\x4d\xf1\x3d\x8f\x3d\xb0\x3d\xb0\x3d\x8f\x3d\x8f\x3d\x8f\x3d\x8f'
    b'\x3d\x8f\x3d\x8f\x3d\x8f\x3d\x8f\x45\xb0\x3d\x8f\x3d\x8f\x3d\x8f\x4d\xf1\x45\xb0\x3d\xaf\x3d\xaf\x3d\xaf\x3d\xaf\x3d\xaf\x45\xd0'
    b'\x3d\xaf\x3d\x8f\x3d\x8f\x45\xb0\x3d\xaf\x3d\x8f\x45\xb0\x3d\x8f\x3d\xb0\x3d\xb0\x3d\x8f\x45\xb0\x3d\x8f\x3d\x8f\x3d\x8f\x3d\x8f'
    b'\x3d\xb0\x3d\xb0\x3d\x8f\x45\xb0\x45\xb0\x3d\xaf\x3d\xb0\x3d\xb0\x3d\x8f\x3d\xb0\x45\xb0\x3d\x8f\x45\xb0\x3d\x8f\x3d\xb0\x3d\xaf'
    b'\x3d\x8f\x3d\xaf\x45\xb0\x3d\x8f\x45\xb0\x3d\xaf\x3d\x8f\x45\xb0\x3d\x8f\x3d\xb0\x3d\xb0\x3d\x8f\x3d\x8f\x3d\x8f\x3d\x8f\x45\xd0'
    b'\x3d\x8f\x45\xb0\x3d\xb0\x45\xb0\x3d\x8f\x45\xb0\x3d\xaf\x3d\x8f\x45\xb0\x3d\x8f\x3d\xaf\x3d\xb0\x3d\xaf\x45\xb0\x3d\x8f\x45\xb0'
    b'\x4d\xd1\x3d\x8f\x3d\xb0\x45\xb0\x45\xb0\x3d\xaf\x3d\x8f\x45\xd0\x3d\xb0\x3d\xaf\x3d\xaf\x3d\xaf\x3d\xaf\x3d\xaf\x3d\xaf\x3d\xaf'
    b'\x3d\xaf\x3d\x8f\x3d\x8f\x3d\x8f\x3d\x8f\x3d\xb0\x3d\xb0\x3d\x8f\x45\xb0\x3d\xaf\x3d\x8f\x3d\x8f\x3d\x8f\x3d\x8f\x3d\x8f\x3d\x8f'
    b'\x3d\x8f\x3d\x8f\x3d\x8f\x3d\x8f\x3d\x8f\x3d\x8f\x3d\xaf\x45\xb0\x3d\x8f\x3d\x8f\x3d\x8f\x3d\x8f\x45\xb0\x3d\x8f\x45\xd0\x45\xb0'
    b'\x3d\x8f\x45\xb0\x45\xd0\x3d\x8f\x45\xb0\x3d\x8f\x45\xb0\x3d\xaf\x3d\x8f\x3d\x8f\x3d\x8f\x3d\x8f\x3d\x8f\x3d\xaf\x45\xb0\x45\xb0'
    b'\x3d\xb0\x45\xb0\x45\xb0\x3d\xb0\x3d\xb0\x45\xb0\x3d\xaf\x45\xd0\x5e\x32\x3d\xaf\x3d\xb0\x3d\xb0\x3d\x8f\x3d\x8f\x3d\x8f\x3d\xb0'
    b'\x3d\xb0\x3d\x8f\x3d\x8f\x3d\x8f\x45\xb0\x3d\x8f\x3d\x8f\x3d\xaf\x5e\x32\x4d\xd1\x3d\xb0\x45\xb0\x45\xb0\x45\xb0\x45\xb0\x3d\xaf'
    b'\x3d\x8f\x3d\x8f\x3d\x8f\x45\xb0\x3d\xaf\x3d\x8f\x45\xb0\x3d\x8f\x3d\xb0\x3d\xb0\x3d\x8f\x45\xb0\x3d\x8f\x3d\x8f\x3d\x8f\x3d\x8f'
    b'\x3d\xb0\x3d\xb0\x3d\xaf\x45\xb0\x3d\xb0\x3d\xb0\x3d\xaf\x3d\xb0\x3d\x8f\x3d\xb0\x45\xb0\x3d\x8f\x45\xb0\x3d\x8f\x3d\xb0\x3d\xaf'
    b'\x3d\x8f\x3d\xaf\x45\xb0\x3d\x8f\x45\xb0\x3d\xaf\x3d\x8f\x45\xb0\x3d\x8f\x3d\xb0\x45\xb0\x3d\x8f\x3d\x8f\x3d\x8f\x3d\x8f\x45\xb0'
    b'\x3d\x8f\x3d\xaf\x45\xb0\x3d\xaf\x3d\x8f\x45\xb0\x3d\xaf\x3d\x8f\x45\xb0\x3d\x8f\x3d\xaf\x3d\xb0\x3d\xaf\x45\xb0\x35\x8f\x4d\xd1'
    b'\x5e\x32\x3d\xaf\x3d\x8f\x3d\xaf\x3d\xaf\x45\xd0\x3d\xaf\x3d\x8f\x45\xb0\x45\xb0\x45\xb0\x45\xb0\x45\xb0\x45\xb0\x45\xb0\x45\xb0'
    b'\x45\xd0\x3d\xb0\x3d\x8f\x3d\x8f\x3d\x8f\x3d\xb0\x3d\xb0\x3d\x8f\x45\xd0\x3d\x8f\x3d\xb0\x55\xf1\x4d\xf1\x4d\xf1\x4d\xf1\x4d\xf1'
    b'\x4d\xf1\x4d\xf1\x4d\xf1\x4d\xf1\x55\xf1\x3d\xb0\x3d\x8f\x45\xb0\x3d\x8f\x3d\x8f\x3d\x8f\x3d\x8f\x45\xd0\x3d\xb0\x45\xd0\x45\xb0'
    b'\x3d\xb0\x45\xb0\x45\xd0\x3d\xb0\x45\xd0\x3d\x8f\x45\xb0\x3d\xaf\x3d\x8f\x3d\x8f\x3d\x8f\x3d\x8f\x3d\x8f\x3d\xaf\x45\xd0\x3d\xb0'
    b'\x45\xd0\x45\xb0\x3d\xb0\x45\xd0\x45\xd0\x3d\xb0\x45\xd0\x3d\x8f\x3d\x8f\x3d\x8f\x45\xb0\x3d\xaf\x3d\x8f\x3d\x8f\x3d\x8f\x45\xd0'
    b'\x45\xd0\x3d\x8f\x3d\x8f\x3d\x8f\x45\xb0\x3d\x8f\x3d\x8f\x3d\x8f\x3d\x8f\x3d\x8f\x3d\x8f\x3d\x8f\x3d\x8f\x3d\x8f\x3d\x8f\x3d\x8f'
    b'\x3d\x8f\x3d\x8f\x3d\x8f\x45\xb0\x3d\xaf\x3d\x8f\x45\xb0\x3d\x8f\x3d\xb0\x3d\xb0\x3d\x8f\x45\xd0\x3d\xaf\x3d\x8f\x3d\x8f\x3d\x8f'
    b'\x3d\xb0\x3d\xb0\x3d\x8f\x3d\xb0\x3d\xb0\x3d\x8f\x3d\xb0\x3d\xb0\x3d\x8f\x3d\xb0\x45\xb0\x3d\x8f\x45\xb0\x3d\x8f\x3d\xb0\x3d\xaf'
    b'\x3d\x8f\x3d\xaf\x45\xb0\x3d\x8f\x45\xb0\x3d\xaf\x3d\x8f\x45\xb0\x3d\x8f\x3d\x8f\x45\xb0\x3d\xb0\x3d\x8f\x3d\x8f\x3d\x8f\x45\xd0'
    b'\x3d\xaf\x3d\xaf\x3d\x8f\x3d\xaf\x3d\xaf\x45\xd0\x3d\xaf\x3d\x8f\x45\xb0\x3d\x8f\x3d\xaf\x3d\xb0\x3d\xaf\x45\xb0\x3d\x8f\x3d\x8f'
    b'\x3d\xaf\x45\xb0\x3d\xaf\x3d\x8f\x3d\x8f\x3d\x8f\x45\xd0\x3d\xaf\x3d\x8f\x3d\xaf\x3d\xaf\x3d\xaf\x3d\x8f\x3d\x8f\x3d\x8f\x3d\x8f'
    b'\x3d\xb0\x3d\xb0\x3d\x8f\x3d\x8f\x3d\x8f\x3d\xb0\x3d\xb0\x3d\x8f\x45\xd0\x3d\x8f\x45\xb0\x45\xd0\x45\xd0\x45\xd0\x45\xd0\x45\xd0'
    b'\x45\xd0\x45\xd0\x45\xd0\x45\xd0\x45\xd0\x45\xb0\x3d\x8f\x45\xb0\x3d\x8f\x3d\x8f\x3d\x8f\x3d\x8f\x3d\xb0\x4d\xf1\x3d\xaf\x3d\xaf'
    b'\x4d\xf1\x3d\xaf\x3d\xaf\x4d\xf1\x3d\xb0\x3d\x8f\x3d\xaf\x45\xd0\x3d\x8f\x3d\x8f\x3d\x8f\x3d\x8f\x3d\x8f\x3d\xaf\x3d\xb0\x3d\x8f'
    b'\x45\xd0\x3d\xb0\x3d\x8f\x45\xd0\x3d\xb0\x3d\x8f\x45\xb0\x3d\x8f\x3d\x8f\x3d\x8f\x45\xb0\x3d\xaf\x3d\x8f\x3d\x8f\x3d\x8f\x3d\xb0'
    b'\x3d\xb0\x3d\x8f\x3d\x8f\x3d\x8f\x45\xb0\x3d\x8f\x3d\x8f\x3d\x8f\x3d\x8f\x3d\x8f\x3d\x8f\x3d\x8f\x3d\x8f\x3d\x8f\x3d\x8f\x3d\x8f'
    b'\x3d\x8f\x3d\x8f\x3d\x8f\x45\xb0\x3d\xaf\x3d\x8f\x45\xb0\x3d\x8f\x3d\xb0\x3d\xb0\x3d\x8f\x3d\xaf\x45\xd0\x3d\xaf\x3d\x8f\x3d\x8f'
    b'\x3d\xb0\x45\xb0\x3d\x8f\x3d\xaf\x3d\xaf\x3d\xaf\x3d\xb0\x3d\xb0\x3d\x8f\x3d\xb0\x45\xb0\x3d\x8f\x45\xb0\x3d\x8f\x3d\xb0\x3d\x8f'
    b'\x3d\x8f\x3d\xaf\x45\xb0\x3d\x8f\x45\xb0\x3d\xaf\x3d\x8f\x45\xb0\x3d\xb0\x3d\x8f\x3d\x8f\x45\xb0\x45\xb0\x3d\x8f\x3d\x8f\x3d\xb0'
    b'\x45\xb0\x45\xb0\x45\xb0\x45\xb0\x45\xb0\x45\xb0\x3d\x8f\x3d\x8f\x45\xb0\x3d\x8f\x3d\xaf\x3d\xb0\x3d\xaf\x45\xd0\x3d\xb0\x5e\x32'
    b'\x4d\xd0\x3d\x8f\x45\xd0\x3d\xaf\x3d\x8f\x3d\x8f\x3d\x8f\x45\xb0\x45\xb0\x45\xb0\x45\xb0\x45\xb0\x45\xd0\x3d\xb0\x3d\x8f\x3d\x8f'
    b'\x3d\xb0\x3d\xb0\x3d\x8f\x3d\x8f\x3d\x8f\x3d\xb0\x3d\xb0\x3d\x8f\x45\xd0\x3d\x8f\x45\xb0\x3d\x8f\x3d\x8f\x3d\x8f\x3d\x8f\x3d\x8f'
    b'\x3d\x8f\x3d\x8f\x3d\x8f\x3d\x8f\x3d\x8f\x45\xb0\x3d\x8f\x45\xb0\x3d\x8f\x3d\x8f\x3d\x8f\x3d\x8f\x45\xb0\x5e\x32\x3d\xb0\x3d\xb0'
    b'\x5e\x32\x3d\xb0\x3d\xb0\x5e\x32\x45\xb0\x3d\x8f\x3d\x8f\x3d\xaf\x45\xd0\x3d\x8f\x3d\x8f\x3d\x8f\x3d\x8f\x3d\xaf\x45\xd0\x45\xb0'
    b'\x45\xd0\x45\xd0\x45\xb0\x45\xd0\x45\xd0\x45\xb0\x45\xb0\x3d\x8f\x3d\x8f\x3d\x8f\x45\xb0\x3d\x8f\x3d\x8f\x3d\x8f\x3d\x8f\x45\xd0'
    b'\x45\xd0\x3d\x8f\x3d\x8f\x3d\x8f\x45\xb0\x3d\x8f\x3d\x8f\x3d\x8f\x3d\x8f\x3d\x8f\x3d\x8f\x3d\x8f\x3d\x8f\x3d\x8f\x3d\xb0\x45\xd0'
    b'\x3d\x8f\x3d\x8f\x3d\x8f\x45\xb0\x3d\xaf\x3d\x8f\x45\xb0\x3d\x8f\x3d\xaf\x45\xd0\x3d\xaf\x3d\x8f\x3d\xaf\x45\xd0\x3d\xaf\x3d\x8f'
    b'\x3d\xaf\x45\xb0\x45\xb0\x45\xb0\x45\xb0\x45\xb0\x45\xb0\x3d\xaf\x3d\x8f\x3d\xb0\x45\xb0\x3d\x8f\x45\xb0\x3d\x8f\x45\xb0\x45\xd0'
    b'\x3d\x8f\x3d\xaf\x45\xb0\x3d\x8f\x45\xb0\x3d\xb0\x3d\x8f\x3d\x8f\x45\xb0\x3d\xb0\x3d\x8f\x3d\x8f\x3d\xb0\x45\xb0\x3d\x8f\x3d\xb0'
    b'\x5e\x32\x3d\xb0\x35\x8f\x3d\xaf\x5e\x32\x45\xb0\x3d\x8f\x3d\x8f\x45\xb0\x3d\x8f\x3d\xaf\x3d\xb0\x3d\xaf\x45\xd0\x3d\xaf\x4d\xf1'
    b'\x45\xb0\x3d\x8f\x3d\xaf\x45\xd0\x3d\xaf\x3d\xaf\x3d\xaf\x3d\x8f\x3d\x8f\x3d\x8f\x3d\x8f\x3d\x8f\x3d\xb0\x3d\xb0\x3d\x8f\x3d\x8f'
    b'\x3d\xb0\x3d\xb0\x3d\x8f\x3d\x8f\x3d\x8f\x3d\xb0\x3d\xb0\x3d\x8f\x45\xd0\x3d\x8f\x45\xb0\x3d\xaf\x3d\x8f\x3d\x8f\x3d\x8f\x3d\x8f'
    b'\x3d\x8f\x3d\x8f\x3d\x8f\x3d\x8f\x3d\xaf\x45\xb0\x3d\x8f\x45\xb0\x3d\x8f\x3d\x8f\x3d\x8f\x3d\x8f\x3d\x8f\x3d\x8f\x3d\x8f\x3d\x8f'
    b'\x3d\x8f\x3d\x8f\x3d\x8f\x3d\x8f\x3d\x8f\x3d\x8f\x3d\x8f\x3d\x8f\x3d\xaf\x45\xd0\x3d\x8f\x3d\x8f\x3d\x8f\x3d\x8f\x3d\xaf\x3d\xaf'
    b'\x3d\xaf\x3d\xaf\x3d\xaf\x3d\x8f\x3d\xaf\x3d\xaf\x3d\xaf\x3d\x8f\x3d\x8f\x3d\x8f\x45\xb0\x3d\x8f\x3d\x8f\x3d\x8f\x3d\x8f\x45\xb0'
    b'\x45\xb0\x3d\x8f\x3d\x8f\x3d\xb0\x5e\x32\x45\xd0\x3d\x8f\x3d\x8f\x3d\x8f\x3d\x8f\x3d\x8f\x3d\x8f\x3d\x8f\x3d\x8f\x3d\xb0\x45\xd0'
    b'\x3d\x8f\x3d\x8f\x3d\x8f\x45\xb0\x3d\xaf\x3d\x8f\x45\xd0\x3d\x8f\x3d\x8f\x3d\xaf\x45\xd0\x3d\xaf\x3d\x8f\x3d\x8f\x45\xd0\x3d\xaf'
    b'\x35\x8f\x55\xf1\x55\xf1\x35\x8f\x35\x8f\x4d\xf1\x56\x12\x3d\x8f\x3d\x8f\x3d\xaf\x45\xb0\x3d\x8f\x45\xb0\x3d\x8f\x3d\xb0\x3d\xb0'
    b'\x3d\x8f\x3d\xaf\x45\xb0\x3d\x8f\x3d\x8f\x45\xb0\x3d\xb0\x3d\x8f\x3d\x8f\x45\xb0\x45\xb0\x3d\x8f\x3d\x8f\x3d\xb0\x45\xb0\x3d\xaf'
    b'\x4d\xf1\x45\xd0\x5e\x32\x45\xd0\x4d\xf1\x3d\xb0\x3d\x8f\x3d\x8f\x45\xb0\x3d\x8f\x3d\xaf\x3d\xb0\x3d\xaf\x45\xb0\x3d\x8f\x35\x8f'
    b'\x3d\x8f\x3d\x8f\x3d\x8f\x3d\xaf\x45\xb0\x45\xb0\x45\xb0\x45\xb0\x45\xd0\x3d\xaf\x3d\x8f\x3d\x8f\x3d\xb0\x3d\xb0\x3d\x8f\x3d\x8f'
    b'\x3d\xb0\x3d\xb0\x3d\x8f\x3d\x8f\x3d\x8f\x3d\xb0\x3d\xb0\x3d\x8f\x45\xd0\x3d\x8f\x45\xb0\x4d\xf1\x4d\xf1\x4d\xf1\x4d\xf1\x4d\xf1'
    b'\x4d\xf1\x4d\xf1\x4d\xf1\x4d\xf1\x4d\xf1\x45\xb0\x3d\x8f\x45\xd0\x3d\xb0\x45\xb0\x45\xb0\x45\xb0\x45\xb0\x3d\xb0\x45\xb0\x45\xb0'
    b'\x3d\xb0\x45\xb0\x45\xb0\x3d\xb0\x45\xb0\x45\xb0\x45\xb0\x3d\xb0\x3d\x8f\x3d\xaf\x45\xd0\x3d\x8f\x3d\x8f\x3d\x8f\x3d\x8f\x3d\x8f'
    b'\x3d\x8f\x3d\x8f\x3d\x8f\x3d\x8f\x3d\x8f\x3d\x8f\x3d\x8f\x3d\x8f\x3d\x8f\x3d\xaf\x45\xb0\x3d\x8f\x3d\x8f\x3d\x8f\x3d\x8f\x3d\xb0'
    b'\x3d\xb0\x3d\x8f\x3d\x8f\x3d\xaf\x4d\xf1\x3d\xb0\x3d\x8f\x3d\x8f\x3d\x8f\x3d\xaf\x45\xd0\x45\xd0\x45\xb0\x45\xb0\x45\xd0\x45\xb0'
    b'\x3d\x8f\x3d\x8f\x3d\x8f\x45\xb0\x3d\xaf\x3d\x8f\x3d\xaf\x45\xd0\x3d\xaf\x3d\x8f\x3d\xaf\x45\xd0\x3d\xaf\x3d\x8f\x3d\x8f\x45\xd0'
    b'\x3d\xaf\x45\xd0\x45\xd0\x4d\xf1\x56\x11\x45\xd0\x4d\xd1\x3d\x8f\x3d\x8f\x3d\xaf\x45\xb0\x3d\x8f\x45\xb0\x3d\x8f\x3d\xb0\x3d\x8f'
    b'\x3d\x8f\x3d\x8f\x45\xd0\x3d\xb0\x3d\x8f\x3d\x8f\x45\xb0\x3d\xb0\x3d\x8f\x3d\x8f\x3d\xb0\x45\xb0\x3d\x8f\x3d\x8f\x3d\xb0\x45\xb0'
    b'\x35\x8f\x3d\xaf\x4d\xf1\x3d\xb0\x35\x8f\x3d\x8f\x3d\x8f\x3d\x8f\x45\xb0\x3d\x8f\x3d\xaf\x3d\xb0\x3d\x8f\x45\xd0\x3d\x8f\x3d\x8f'
    b'\x3d\x8f\x3d\x8f\x3d\x8f\x3d\x8f\x3d\x8f\x3d\x8f\x3d\x8f\x3d\x8f\x3d\xb0\x3d\xb0\x3d\x8f\x3d\x8f\x3d\xb0\x3d\xb0\x3d\x8f\x3d\x8f'
    b'\x3d\xb0\x3d\xb0\x3d\x8f\x3d\x8f\x3d\x8f\x3d\xb0\x3d\xb0\x3d\x8f\x45\xb0\x3d\x8f\x3d\xaf\x4d\xd0\x45\xd0\x45\xd0\x45\xd0\x45\xd0'
    b'\x45\xd0\x45\xd0\x45\xd0\x45\xd0\x4d\xd0\x3d\xaf\x3d\x8f\x3d\xaf\x3d\xaf\x3d\xaf\x3d\xaf\x3d\xaf\x3d\xaf\x3d\xaf\x3d\xaf\x3d\xaf'
    b'\x3d\xaf\x3d\xaf\x3d\xaf\x3d\xaf\x3d\xaf\x3d\xaf\x3d\xaf\x45\xb0\x3d\xb0\x3d\x8f\x3d\xaf\x45\xd0\x3d\x8f\x3d\x8f\x3d\x8f\x35\x8f'
    b'\x4d\xd0\x5e\x12\x3d\x8f\x3d\x8f\x3d\x8f\x3d\x8f\x3d\x8f\x3d\x8f\x3d\x8f\x3d\xaf\x45\xb0\x3d\x8f\x3d\x8f\x3d\x8f\x3d\x8f\x45\xd0'
    b'\x45\xd0\x3d\x8f\x3d\x8f\x3d\x8f\x35\x8f\x3d\x8f\x3d\x8f\x3d\x8f\x3d\x8f\x3d\x8f\x3d\xb0\x3d\xb0\x3d\xaf\x3d\xaf\x3d\xaf\x3d\x8f'
    b'\x3d\x8f\x3d\x8f\x3d\x8f\x3d\xaf\x45\xd0\x3d\x8f\x3d\x8f\x3d\xaf\x45\xd0\x3d\xaf\x3d\x8f\x3d\xaf\x45\xd0\x3d\xaf\x3d\x8f\x3d\x8f'
    b'\x45\xb0\x3d\xaf\x35\x8f\x45\xd0\x4d\xd1\x35\x8f\x3d\x8f\x3d\x8f\x3d\x8f\x3d\xaf\x45\xb0\x3d\x8f\x45\xb0\x3d\x8f\x3d\xb0\x45\xb0'
    b'\x3d\x8f\x3d\x8f\x3d\x8f\x45\xb0\x3d\xb0\x3d\x8f\x3d\x8f\x45\xb0\x45\xb0\x3d\x8f\x3d\x8f\x3d\xb0\x45\xb0\x3d\x8f\x3d\x8f\x3d\xb0'
    b'\x45\xd0\x3d\x8f\x35\x8f\x3d\x8f\x3d\x8f\x3d\x8f\x3d\x8f\x3d\x8f\x45\xb0\x3d\x8f\x3d\xaf\x45\xb0\x3d\x8f\x3d\xaf\x45\xd0\x3d\x8f'
    b'\x3d\x8f\x3d\x8f\x3d\x8f\x3d\x8f\x3d\x8f\x3d\x8f\x3d\x8f\x3d\x8f\x3d\xb0\x3d\xb0\x3d\x8f\x3d\x8f\x3d\xb0\x3d\xb0\x3d\x8f\x3d\x8f'
    b'\x3d\xb0\x3d\xb0\x3d\x8f\x3d\x8f\x3d\x8f\x3d\xb0\x3d\xb0\x3d\x8f\x45\xb0\x3d\xaf\x3d\x8f\x3d\x8f\x3d\x8f\x3d\x8f\x3d\x8f\x3d\x8f'
    b'\x3d\x8f\x3d\x8f\x3d\x8f\x3d\x8f\x3d\x8f\x3d\x8f\x3d\x8f\x3d\x8f\x3d\x8f\x3d\x8f\x3d\x8f\x3d\x8f\x3d\x8f\x3d\x8f\x3d\x8f\x3d\x8f'
    b'\x3d\x8f\x3d\x8f\x3d\x8f\x3d\x8f\x3d\x8f\x3d\x8f\x3d\x8f\x3d\x8f\x45\xb0\x3d\xb0\x3d\x8f\x3d\xaf\x45\xd0\x3d\x8f\x3d\x8f\x3d\x8f'
    b'\x45\xb0\x4d\xf1\x3d\xb0\x3d\x8f\x3d\x8f\x3d\x8f\x3d\x8f\x3d\x8f\x3d\x8f\x3d\xb0\x3d\xb0\x3d\x8f\x3d\x8f\x3d\x8f\x3d\x8f\x3d\xb0'
    b'\x3d\xb0\x3d\x8f\x3d\x8f\x3d\x8f\x3d\xaf\x45\xb0\x45\xb0\x45\xb0\x3d\xb0\x3d\xb0\x3d\xb0\x3d\xb0\x3d\xb0\x3d\xb0\x3d\xb0\x3d\xb0'
    b'\x3d\x8f\x3d\x8f\x3d\x8f\x3d\x8f\x3d\xaf\x45\xd0\x3d\xaf\x3d\x8f\x3d\xaf\x45\xd0\x3d\xaf\x3d\x8f\x3d\x8f\x45\xd0\x3d\xaf\x3d\x8f'
    b'\x3d\x8f\x45\xb0\x3d\xb0\x35\x8f\x3d\x8f\x3d\x8f\x3d\x8f\x3d\x8f\x3d\x8f\x3d\xaf\x45\xb0\x3d\x8f\x45\xb0\x3d\xaf\x3d\x8f\x45\xb0'
    b'\x3d\x8f\x3d\x8f\x3d\x8f\x3d\x8f\x45\xb0\x3d\xb0\x3d\x8f\x3d\x8f\x3d\xb0\x45\xb0\x3d\x8f\x3d\x8f\x3d\xb0\x45\xb0\x3d\x8f\x3d\x8f'
    b'\x3d\xaf\x45\xb0\x3d\x8f\x3d\x8f\x3d\x8f\x3d\x8f\x3d\x8f\x3d\x8f\x45\xb0\x3d\xaf\x3d\x8f\x45\xb0\x3d\xb0\x3d\x8f\x3d\xaf\x45\xd0'
    b'\x3d\x8f\x3d\x8f\x3d\x8f\x3d\x8f\x3d\x8f\x3d\x8f\x3d\x8f\x3d\x8f\x3d\xb0\x3d\xaf\x3d\x8f\x3d\x8f\x3d\xb0\x3d\xaf\x3d\x8f\x3d\x8f'
    b'\x3d\xb0\x3d\xb0\x3d\x8f\x3d\x8f\x3d\x8f\x3d\xb0\x3d\xb0\x3d\x8f\x45\xb0\x3d\xaf\x3d\x8f\x3d\x8f\x3d\x8f\x3d\x8f\x3d\x8f\x3d\x8f'
    b'\x3d\x8f\x3d\x8f\x3d\x8f\x3d\x8f\x3d\x8f\x3d\x8f\x3d\x8f\x3d\x8f\x3d\x8f\x3d\xb0\x45\xb0\x45\xb0\x45\xb0\x3d\xb0\x45\xb0\x3d\xb0'
    b'\x3d\x8f\x3d\x8f\x3d\x8f\x3d\x8f\x3d\x8f\x3d\x8f\x3d\x8f\x3d\x8f\x3d\x8f\x45\xb0\x3d\xb0\x3d\x8f\x3d\xaf\x45\xd0\x3d\x8f\x3d\x8f'
    b'\x3d\x8f\x35\x8f\x45\xb0\x3d\xb0\x3d\x8f\x3d\x8f\x3d\x8f\x3d\x8f\x3d\x8f\x3d\xb0\x3d\xb0\x3d\x8f\x3d\x8f\x3d\x8f\x3d\x8f\x45\xd0'
    b'\x45\xd0\x3d\x8f\x3d\x8f\x3d\x8f\x3d\xb0\x45\xb0\x3d\xaf\x3d\x8f\x4d\xf1\x56\x12\x3d\xaf\x5e\x32\x4d\xd1\x3d\x8f\x3d\xaf\x45\xd0'
    b'\x3d\xaf\x3d\x8f\x3d\x8f\x3d\x8f\x3d\x8f\x3d\xaf\x45\xd0\x3d\xaf\x3d\x8f\x3d\x8f\x45\xd0\x3d\xaf\x3d\x8f\x3d\x8f\x45\xd0\x3d\xb0'
    b'\x3d\x8f\x3d\x8f\x45\xb0\x3d\xb0\x3d\x8f\x3d\x8f\x3d\x8f\x3d\x8f\x3d\x8f\x3d\xaf\x45\xb0\x3d\x8f\x3d\xaf\x45\xb0\x3d\x8f\x3d\x8f'
    b'\x3d\x8f\x3d\x8f\x3d\x8f\x3d\x8f\x3d\x8f\x45\xb0\x3d\xb0\x3d\x8f\x3d\x8f\x3d\xb0\x45\xb0\x3d\x8f\x3d\x8f\x3d\xb0\x45\xb0\x3d\x8f'
    b'\x3d\x8f\x45\xb0\x3d\x8f\x3d\x8f\x3d\x8f\x3d\x8f\x3d\x8f\x3d\x8f\x45\xb0\x3d\xaf\x3d\x8f\x3d\x8f\x45\xb0\x3d\xb0\x3d\x8f\x3d\xaf'
    b'\x45\xb0\x3d\x8f\x35\x8f\x45\xd0\x56\x12\x3d\xaf\x3d\x8f\x3d\x8f\x56\x12\x4d\xf1\x3d\x8f\x3d\x8f\x45\xd0\x45\xd0\x3d\x8f\x3d\x8f'
    b'\x45\xd0\x45\xd0\x3d\x8f\x3d\x8f\x3d\x8f\x3d\xb0\x3d\xb0\x3d\x8f\x45\xb0\x3d\xaf\x3d\xaf\x3d\xaf\x3d\xaf\x3d\xaf\x3d\xaf\x3d\xaf'
    b'\x3d\x8f\x3d\x8f\x3d\x8f\x3d\x8f\x3d\x8f\x3d\x8f\x3d\x8f\x3d\x8f\x3d\xaf\x45\xd0\x3d\xb0\x3d\xb0\x3d\xb0\x3d\xb0\x3d\xb0\x45\xd0'
    b'\x3d\x8f\x3d\x8f\x3d\x8f\x3d\xb0\x45\xb0\x3d\xb0\x3d\xb0\x3d\x8f\x3d\x8f\x3d\x8f\x45\xb0\x3d\xb0\x3d\x8f\x3d\xaf\x45\xd0\x3d\x8f'
    b'\x3d\x8f\x3d\x8f\x3d\x8f\x45\xb0\x3d\xb0\x3d\x8f\x3d\x8f\x3d\x8f\x3d\x8f\x3d\xb0\x3d\xaf\x3d\x8f\x3d\x8f\x3d\x8f\x3d\x8f\x45\xb0'
    b'\x45\xb0\x3d\x8f\x3d\x8f\x3d\x8f\x3d\xb0\x45\xd0\x3d\xb0\x3d\xb0\x4d\xf1\x55\xf1\x3d\xb0\x56\x12\x45\xd0\x3d\xb0\x3d\xb0\x45\xd0'
    b'\x3d\xaf\x3d\x8f\x3d\x8f\x3d\x8f\x3d\x8f\x3d\x8f\x3d\xaf\x45\xd0\x3d\xaf\x3d\x8f\x3d\x8f\x45\xd0\x3d\xb0\x3d\x8f\x3d\x8f\x45\xb0'
    b'\x3d\xb0\x3d\x8f\x3d\xb0\x3d\xb0\x3d\x8f\x3d\x8f\x3d\x8f\x3d\x8f\x3d\x8f\x3d\xaf\x45\xb0\x3d\x8f\x3d\x8f\x3d\xaf\x45\xb0\x3d\x8f'
    b'\x3d\x8f\x3d\x8f\x3d\x8f\x3d\x8f\x3d\x8f\x3d\x8f\x45\xb0\x45\xb0\x3d\x8f\x3d\x8f\x3d\xb0\x45\xb0\x3d\x8f\x3d\x8f\x3d\xb0\x3d\xb0'
    b'\x3d\x8f\x45\xb0\x3d\x8f\x3d\x8f\x3d\x8f\x3d\x8f\x3d\x8f\x3d\x8f\x45\xb0\x3d\xaf\x3d\x8f\x3d\x8f\x3d\x8f\x45\xb0\x3d\xb0\x3d\x8f'
    b'\x3d\xaf\x45\xd0\x3d\x8f\x45\xd0\x56\x12\x3d\x8f\x3d\x8f\x3d\x8f\x4d\xf1\x4d\xd1\x3d\x8f\x3d\x8f\x56\x12\x56\x12\x3d\x8f\x3d\x8f'
    b'\x56\x12\x56\x12\x35\x8f\x3d\x8f\x3d\x8f\x3d\xb0\x3d\xb0\x3d\x8f\x45\xb0\x45\xd0\x45\xb0\x45\xb0\x45\xb0\x45\xb0\x45\xb0\x45\xd0'
    b'\x45\xb0\x3d\x8f\x3d\x8f\x3d\x8f\x3d\x8f\x3d\x8f\x3d\x8f\x3d\x8f\x3d\xaf\x45\xb0\x3d\x8f\x3d\x8f\x3d\x8f\x3d\x8f\x3d\x8f\x3d\xb0'
    b'\x3d\x8f\x3d\x8f\x3d\x8f\x45\xd0\x3d\xaf\x3d\xaf\x45\xd0\x3d\xaf\x3d\x8f\x3d\x8f\x3d\x8f\x45\xb0\x3d\xb0\x3d\x8f\x3d\xaf\x45\xd0'
    b'\x3d\x8f\x3d\x8f\x3d\x8f\x3d\x8f\x3d\xb0\x45\xd0\x3d\xb0\x3d\x8f\x3d\x8f\x45\xb0\x3d\xaf\x3d\x8f\x3d\x8f\x3d\x8f\x3d\x8f\x3d\xb0'
    b'\x3d\xb0\x3d\x8f\x3d\x8f\x3d\x8f\x3d\x8f\x3d\xb0\x3d\xb0\x3d\xb0\x3d\xaf\x3d\xaf\x3d\xb0\x3d\xaf\x3d\xaf\x3d\xb0\x3d\xb0\x3d\xaf'
    b'\x3d\x8f\x3d\x8f\x3d\x8f\x3d\x8f\x3d\x8f\x3d\x8f\x3d\x8f\x3d\xaf\x45\xd0\x3d\xaf\x3d\x8f\x3d\x8f\x45\xd0\x3d\xb0\x3d\x8f\x3d\x8f'
    b'\x45\xd0\x3d\x8f\x3d\xb0\x3d\xb0\x3d\x8f\x3d\x8f\x3d\x8f\x3d\x8f\x3d\x8f\x3d\xaf\x45\xb0\x3d\x8f\x3d\x8f\x3d\x8f\x3d\xaf\x45\xb0'
    b'\x3d\x8f\x3d\xb0\x3d\xaf\x3d\x8f\x3d\x8f\x3d\x8f\x3d\x8f\x3d\xb0\x45\xb0\x3d\x8f\x3d\x8f\x3d\xb0\x45\xb0\x3d\x8f\x3d\xb0\x3d\xb0'
    b'\x3d\x8f\x45\xb0\x3d\x8f\x3d\x8f\x3d\x8f\x3d\x8f\x3d\x8f\x3d\x8f\x45\xb0\x3d\xaf\x3d\x8f\x3d\x8f\x3d\x8f\x3d\x8f\x45\xb0\x3d\xb0'
    b'\x3d\x8f\x3d\xaf\x45\xb0\x45\xb0\x3d\xb0\x3d\x8f\x3d\x8f\x3d\x8f\x3d\xaf\x3d\xaf\x3d\x8f\x3d\x8f\x45\xd0\x3d\xb0\x3d\x8f\x3d\x8f'
    b'\x45\xb0\x45\xb0\x3d\x8f\x3d\x8f\x3d\x8f\x3d\xb0\x3d\xb0\x3d\x8f\x3d\x8f\x3d\x8f\x3d\x8f\x3d\x8f\x3d\x8f\x3d\x8f\x3d\x8f\x3d\xaf'
    b'\x45\xb0\x3d\x8f\x3d\x8f\x3d\x8f\x3d\x8f\x3d\x8f\x3d\x8f\x3d\x8f\x3d\xaf\x45\xd0\x3d\x8f\x55\xf1\x4d\xf1\x35\x8f\x45\xb0\x5e\x12'
    b'\x3d\xb0\x3d\x8f\x3d\x8f\x45\xd0\x3d\xb0\x3d\xb0\x45\xd0\x3d\xaf\x3d\x8f\x3d\x8f\x3d\x8f\x3d\x8f\x45\xb0\x3d\xb0\x3d\x8f\x3d\xaf'
    b'\x45\xd0\x3d\x8f\x3d\x8f\x3d\x8f\x3d\x8f\x5e\x32\x4d\xf1\x35\x8f\x3d\x8f\x3d\xb0\x3d\x8f\x3d\x8f\x3d\x8f\x3d\x8f\x3d\x8f\x45\xd0'
    b'\x45\xd0\x3d\x8f\x3d\x8f\x3d\x8f\x3d\x8f\x3d\x8f\x3d\x8f\x3d\x8f\x3d\x8f\x3d\x8f\x3d\x8f\x3d\x8f\x3d\x8f\x3d\x8f\x3d\x8f\x3d\x8f'
    b'\x3d\x8f\x3d\x8f\x3d\xaf\x3d\xb0\x3d\x8f\x3d\x8f\x3d\x8f\x3d\x8f\x3d\x8f\x45\xd0\x3d\xaf\x3d\x8f\x3d\x8f\x45\xd0\x3d\xaf\x3d\x8f'
    b'\x45\xb0\x3d\x8f\x3d\xb0\x3d\xb0\x3d\x8f\x3d\x8f\x3d\x8f\x3d\x8f\x3d\x8f\x3d\xaf\x45\xb0\x3d\x8f\x3d\x8f\x3d\x8f\x3d\x8f\x3d\xaf'
    b'\x3d\x8f\x45\xd0\x45\xb0\x3d\x8f\x3d\x8f\x3d\x8f\x3d\x8f\x3d\x8f\x3d\xb0\x45\xb0\x3d\x8f\x3d\x8f\x45\xb0\x3d\x8f\x3d\xb0\x3d\xb0'
    b'\x3d\x8f\x45\xb0\x3d\x8f\x3d\xb0\x3d\xaf\x3d\x8f\x3d\x8f\x3d\x8f\x45\xb0\x3d\xaf\x3d\x8f\x3d\x8f\x3d\x8f\x3d\x8f\x3d\x8f\x45\xb0'
    b'\x3d\xb0\x3d\x8f\x3d\x8f\x3d\x8f\x3d\x8f\x3d\x8f\x3d\x8f\x3d\x8f\x3d\xb0\x3d\xb0\x3d\x8f\x3d\x8f\x45\xb0\x3d\x8f\x3d\x8f\x3d\x8f'
    b'\x3d\xb0\x3d\xb0\x3d\x8f\x3d\x8f\x3d\x8f\x3d\xb0\x45\xd0\x3d\xb0\x3d\xb0\x3d\xb0\x3d\xb0\x3d\xb0\x3d\xb0\x3d\xb0\x3d\xaf\x3d\xaf'
    b'\x45\xb0\x3d\x8f\x3d\x8f\x3d\x8f\x3d\x8f\x3d\x8f\x3d\x8f\x3d\x8f\x3d\xaf\x45\xb0\x3d\x8f\x4d\xf1\x4d\xf1\x35\x8f\x3d\xb0\x56\x12'
    b'\x3d\xb0\x3d\x8f\x3d\x8f\x3d\xaf\x3d\xb0\x3d\xb0\x3d\xaf\x3d\x8f\x3d\x8f\x3d\x8f\x3d\x8f\x3d\x8f\x3d\x8f\x45\xb0\x3d\xb0\x3d\x8f'
    b'\x3d\xaf\x45\xd0\x3d\x8f\x3d\x8f\x3d\x8f\x3d\xaf\x3d\xaf\x3d\x8f\x45\xb0\x5e\x12\x3d\xaf\x3d\x8f\x3d\x8f\x3d\x8f\x3d\x8f\x3d\xb0'
    b'\x3d\xb0\x3d\x8f\x3d\x8f\x3d\x8f\x3d\x8f\x3d\x8f\x3d\x8f\x3d\x8f\x3d\x8f\x3d\x8f\x3d\x8f\x3d\x8f\x3d\x8f\x3d\x8f\x3d\x8f\x3d\x8f'
    b'\x3d\x8f\x3d\x8f\x3d\xb0\x45\xd0\x3d\x8f\x3d\x8f\x3d\x8f\x3d\x8f\x3d\x8f\x3d\x8f\x45\xd0\x3d\xaf\x3d\x8f\x3d\xb0\x3d\xb0\x3d\x8f'
    b'\x45\xb0\x3d\x8f\x3d\xb0\x3d\xb0\x3d\x8f\x3d\xaf\x3d\x8f\x3d\x8f\x3d\x8f\x3d\xb0\x45\xb0\x3d\x8f\x3d\x8f\x3d\x8f\x3d\x8f\x3d\x8f'
    b'\x3d\x8f\x45\xb0\x3d\xb0\x3d\x8f\x3d\x8f\x3d\x8f\x3d\x8f\x3d\xaf\x3d\x8f\x45\xb0\x3d\xb0\x3d\x8f\x45\xb0\x3d\x8f\x3d\xb0\x3d\xb0'
    b'\x3d\x8f\x45\xb0\x3d\xaf\x45\xd0\x45\xd0\x45\xb0\x45\xb0\x45\xb0\x45\xd0\x3d\x8f\x3d\x8f\x3d\x8f\x3d\x8f\x3d\x8f\x3d\x8f\x3d\x8f'
    b'\x45\xb0\x3d\xb0\x3d\x8f\x3d\x8f\x3d\x8f\x3d\x8f\x3d\x8f\x3d\x8f\x3d\xb0\x3d\xb0\x3d\x8f\x3d\xaf\x45\xb0\x3d\x8f\x3d\x8f\x3d\x8f'
    b'\x3d\xb0\x3d\xb0\x3d\x8f\x3d\x8f\x3d\x8f\x3d\x8f\x3d\xb0\x3d\xb0\x3d\xb0\x3d\xb0\x3d\xb0\x3d\xb0\x3d\xb0\x3d\xb0\x45\xb0\x3d\xaf'
    b'\x45\xb0\x3d\x8f\x3d\xaf\x3d\xb0\x3d\x8f\x3d\x8f\x3d\x8f\x3d\x8f\x3d\x8f\x45\xb0\x3d\x8f\x3d\xaf\x3d\x8f\x3d\x8f\x3d\x8f\x3d\xb0'
    b'\x3d\x8f\x3d\x8f\x3d\x8f\x3d\x8f\x3d\x8f\x3d\x8f\x3d\x8f\x3d\x8f\x3d\x8f\x3d\x8f\x3d\x8f\x3d\x8f\x3d\x8f\x3d\x8f\x45\xb0\x3d\xb0'
    b'\x3d\x8f\x3d\xb0\x45\xb0\x3d\x8f\x3d\x8f\x3d\x8f\x3d\x8f\x3d\x8f\x45\xb0\x55\xf1\x3d\xaf\x3d\x8f\x3d\x8f\x3d\x8f\x3d\x8f\x45\xd0'
    b'\x45\xd0\x3d\x8f\x3d\x8f\x3d\x8f\x3d\x8f\x3d\xb0\x3d\xb0\x3d\x8f\x3d\xb0\x45\xb0\x3d\x8f\x3d\xaf\x45\xb0\x3d\x8f\x3d\xaf\x45\xb0'
    b'\x3d\x8f\x3d\x8f\x3d\xaf\x45\xd0\x3d\x8f\x3d\x8f\x3d\x8f\x3d\x8f\x3d\xaf\x3d\xaf\x3d\x8f\x45\xb0\x3d\x8f\x3d\xb0\x3d\xb0\x3d\x8f'
    b'\x45\xb0\x3d\x8f\x3d\xb0\x3d\xb0\x45\xb0\x45\xd0\x45\xb0\x45\xb0\x45\xb0\x45\xd0\x3d\xb0\x3d\x8f\x3d\x8f\x3d\x8f\x3d\x8f\x3d\x8f'
    b'\x3d\x8f\x3d\xb0\x45\xd0\x45\xd0\x45\xb0\x3d\xb0\x45\xb0\x45\xd0\x45\xb0\x3d\xb0\x3d\xb0\x3d\x8f\x45\xb0\x3d\x8f\x3d\xb0\x3d\xb0'
    b'\x3d\x8f\x45\xb0\x3d\x8f\x3d\xaf\x3d\x8f\x3d\x8f\x3d\x8f\x3d\x8f\x3d\x8f\x3d\x8f\x3d\x8f\x3d\x8f\x3d\x8f\x3d\x8f\x3d\x8f\x3d\x8f'
    b'\x3d\x8f\x45\xb0\x3d\xb0\x3d\x8f\x3d\x8f\x3d\x8f\x3d\x8f\x3d\x8f\x3d\xb0\x3d\xb0\x3d\x8f\x3d\xb0\x3d\xb0\x3d\x8f\x3d\x8f\x3d\x8f'
    b'\x3d\xb0\x3d\xb0\x3d\x8f\x3d\x8f\x3d\x8f\x3d\x8f\x3d\x8f\x3d\x8f\x3d\x8f\x3d\x8f\x3d\x8f\x3d\x8f\x3d\x8f\x3d\x8f\x45\xb0\x3d\xaf'
    b'\x45\xb0\x3d\x8f\x3d\xb0\x45\xd0\x3d\xaf\x3d\x8f\x45\xd0\x56\x12\x45\xb0\x45\xd0\x3d\x8f\x55\xf1\x4d\xf1\x35\x8f\x45\xb0\x5e\x12'
    b'\x45\xb0\x35\x8f\x4d\xf1\x55\xf1\x3d\x8f\x3d\x8f\x3d\x8f\x3d\x8f\x3d\x8f\x3d\x8f\x3d\x8f\x3d\x8f\x3d\x8f\x3d\x8f\x3d\xaf\x45\xb0'
    b'\x3d\x8f\x3d\xaf\x45\xb0\x3d\x8f\x3d\x8f\x3d\x8f\x3d\x8f\x3d\x8f\x3d\x8f\x35\x8f\x3d\x8f\x3d\x8f\x3d\x8f\x3d\x8f\x3d\x8f\x45\xb0'
    b'\x45\xb0\x3d\x8f\x3d\x8f\x3d\x8f\x3d\xaf\x45\xd0\x45\xd0\x45\xb0\x45\xd0\x45\xd0\x45\xb0\x45\xd0\x45\xd0\x45\xb0\x45\xd0\x45\xd0'
    b'\x3d\xb0\x3d\x8f\x3d\x8f\x45\xd0\x45\xb0\x45\xb0\x3d\xb0\x45\xb0\x45\xd0\x45\xd0\x3d\xaf\x45\xb0\x3d\x8f\x3d\xb0\x3d\xb0\x3d\x8f'
    b'\x45\xb0\x3d\x8f\x3d\xb0\x3d\xb0\x3d\x8f\x3d\xaf\x3d\x8f\x3d\x8f\x3d\x8f\x3d\x8f\x3d\x8f\x3d\x8f\x3d\x8f\x3d\x8f\x3d\x8f\x3d\x8f'
    b'\x3d\x8f\x3d\x8f\x3d\x8f\x3d\x8f\x3d\xaf\x45\xb0\x3d\x8f\x3d\xaf\x3d\x8f\x3d\xb0\x3d\xb0\x3d\x8f\x45\xb0\x3d\x8f\x3d\xb0\x3d\xb0'
    b'\x3d\x8f\x45\xb0\x3d\x8f\x3d\x8f\x3d\x8f\x3d\x8f\x3d\x8f\x3d\x8f\x3d\x8f\x3d\x8f\x3d\x8f\x3d\x8f\x3d\x8f\x3d\x8f\x3d\x8f\x3d\x8f'
    b'\x3d\x8f\x3d\x8f\x45\xb0\x3d\xb0\x3d\x8f\x3d\x8f\x3d\x8f\x3d\x8f\x3d\xb0\x3d\xb0\x3d\x8f\x45\xb0\x3d\xaf\x3d\x8f\x3d\x8f\x3d\x8f'
    b'\x3d\xb0\x3d\xb0\x3d\x8f\x3d\x8f\x3d\x8f\x3d\x8f\x3d\x8f\x3d\xaf\x3d\xb0\x3d\xb0\x3d\xb0\x3d\x8f\x3d\x8f\x3d\xaf\x45\xb0\x3d\xaf'
    b'\x45\xb0\x3d\x8f\x3d\xaf\x45\xb0\x3d\x8f\x3d\x8f\x45\xb0\x56\x11\x3d\xb0\x3d\xaf\x3d\x8f\x4d\xf1\x4d\xf1\x35\x8f\x3d\xb0\x56\x12'
    b'\x3d\xb0\x35\x8f\x4d\xf1\x4d\xf1\x3d\x8f\x3d\x8f\x3d\x8f\x3d\x8f\x3d\x8f\x3d\x8f\x3d\x8f\x3d\x8f\x3d\x8f\x3d\x8f\x3d\xaf\x45\xb0'
    b'\x3d\x8f\x3d\xaf\x45\xb0\x3d\x8f\x3d\x8f\x3d\x8f\x3d\x8f\x3d\x8f\x3d\x8f\x3d\x8f\x3d\x8f\x3d\x8f\x3d\x8f\x3d\x8f\x3d\x8f\x3d\x8f'
    b'\x3d\x8f\x3d\x8f\x3d\x8f\x3d\x8f\x3d\xb0\x3d\xb0\x3d\xaf\x45\xd0\x3d\xb0\x3d\xaf\x45\xd0\x3d\xb0\x3d\xaf\x45\xd0\x3d\xb0\x3d\xaf'
    b'\x45\xb0\x3d\x8f\x3d\x8f\x3d\x8f\x3d\x8f\x3d\x8f\x45\xb0\x3d\xb0\x3d\x8f\x3d\xaf\x3d\x8f\x45\xb0\x3d\x8f\x3d\xb0\x3d\xb0\x3d\x8f'
    b'\x45\xb0\x3d\x8f\x3d\xb0\x3d\xb0\x3d\x8f\x3d\x8f\x3d\x8f\x3d\x8f\x3d\x8f\x3d\x8f\x3d\x8f\x3d\x8f\x3d\x8f\x3d\x8f\x3d\x8f\x3d\x8f'
    b'\x3d\x8f\x3d\x8f\x3d\x8f\x35\x8f\x45\xd0\x5e\x33\x3d\xaf\x35\x8f\x3d\x8f\x3d\xb0\x3d\xb0\x3d\x8f\x45\xb0\x3d\x8f\x3d\xb0\x3d\xb0'
    b'\x3d\x8f\x45\xb0\x3d\x8f\x3d\x8f\x3d\x8f\x3d\x8f\x3d\x8f\x35\x8f\x3d\x8f\x3d\x8f\x3d\x8f\x3d\x8f\x3d\x8f\x3d\x8f\x3d\x8f\x3d\x8f'
    b'\x3d\x8f\x3d\x8f\x3d\x8f\x45\xb0\x45\xb0\x3d\xb0\x3d\xb0\x3d\xb0\x45\xd0\x3d\xb0\x3d\x8f\x45\xb0\x3d\x8f\x3d\x8f\x3d\x8f\x3d\x8f'
    b'\x3d\xb0\x3d\xb0\x3d\x8f\x3d\x8f\x3d\x8f\x3d\x8f\x4d\xd1\x4d\xf1\x3d\xb0\x3d\xb0\x45\xd0\x4d\xf1\x3d\x8f\x3d\xaf\x45\xb0\x3d\xaf'
    b'\x45\xb0\x3d\x8f\x3d\xb0\x45\xd0\x3d\x8f\x3d\x8f\x3d\x8f\x35\x8f\x3d\x8f\x3d\x8f\x3d\x8f\x3d\xb0\x3d\xaf\x3d\x8f\x3d\x8f\x35\x8f'
    b'\x3d\x8f\x3d\x8f\x3d\xaf\x3d\xb0\x3d\x8f\x3d\x8f\x3d\x8f\x3d\x8f\x3d\x8f\x3d\x8f\x3d\xaf\x3d\xaf\x3d\x8f\x3d\x8f\x3d\xaf\x45\xb0'
    b'\x3d\x8f\x3d\xaf\x45\xb0\x3d\x8f\x3d\x8f\x3d\x8f\x3d\x8f\x3d\xb0\x3d\xb0\x3d\xb0\x3d\xb0\x3d\xb0\x3d\xb0\x3d\xb0\x3d\xaf\x3d\x8f'
    b'\x3d\x8f\x3d\x8f\x3d\x8f\x3d\x8f\x3d\xb0\x3d\xb0\x3d\xaf\x45\xd0\x3d\xb0\x3d\xaf\x45\xd0\x3d\xb0\x3d\xaf\x45\xd0\x3d\xb0\x3d\xaf'
    b'\x45\xb0\x3d\x8f\x3d\x8f\x3d\x8f\x3d\x8f\x3d\x8f\x5e\x32\x4d\xf1\x35\x8f\x3d\x8f\x3d\x8f\x45\xb0\x3d\x8f\x3d\xb0\x3d\xb0\x3d\x8f'
    b'\x45\xb0\x3d\x8f\x3d\xb0\x3d\xb0\x3d\x8f\x3d\x8f\x3d\x8f\x3d\x8f\x3d\x8f\x3d\x8f\x3d\x8f\x3d\x8f\x3d\x8f\x3d\x8f\x3d\x8f\x3d\x8f'
    b'\x3d\x8f\x3d\x8f\x45\xd0\x56\x11\x3d\xb0\x45\xd0\x45\xb0\x56\x12\x3d\xaf\x3d\xb0\x3d\xb0\x3d\x8f\x45\xb0\x3d\x8f\x3d\xb0\x3d\xb0'
    b'\x3d\x8f\x45\xb0\x3d\x8f\x3d\xaf\x56\x12\x45\xb0\x3d\x8f\x56\x12\x45\xb0\x3d\x8f\x56\x12\x45\xb0\x3d\x8f\x56\x12\x45\xd0\x3d\x8f'
    b'\x3d\x8f\x3d\x8f\x3d\x8f\x3d\x8f\x3d\xb0\x3d\xb0\x3d\xb0\x3d\xb0\x3d\xb0\x3d\x8f\x3d\x8f\x45\xb0\x3d\x8f\x3d\x8f\x3d\x8f\x3d\x8f'
    b'\x3d\xb0\x3d\xb0\x3d\x8f\x3d\x8f\x3d\x8f\x3d\x8f\x45\xd0\x4d\xd1\x3d\x8f\x3d\x8f\x45\xd0\x4d\xf1\x3d\x8f\x3d\xaf\x45\xb0\x3d\xaf'
    b'\x45\xb0\x3d\x8f\x3d\xb0\x45\xd0\x3d\x8f\x3d\x8f\x3d\x8f\x3d\x8f\x3d\x8f\x3d\x8f\x3d\x8f\x3d\xb0\x45\xd0\x3d\xb0\x3d\xb0\x3d\xb0'
    b'\x3d\xb0\x3d\xb0\x45\xd0\x3d\xb0\x3d\x8f\x3d\x8f\x3d\xb0\x45\xb0\x45\xb0\x45\xb0\x45\xd0\x45\xd0\x3d\x8f\x3d\x8f\x3d\xaf\x45\xb0'
    b'\x3d\x8f\x3d\xaf\x45\xb0\x3d\x8f\x3d\x8f\x55\xf1\x4d\xf1\x45\xd0\x3d\xb0\x3d\xb0\x3d\xb0\x3d\xb0\x3d\xb0\x3d\xb0\x45\xd0\x4d\xf1'
    b'\x4d\xf1\x3d\x8f\x3d\x8f\x3d\x8f\x3d\xb0\x3d\xb0\x3d\xaf\x45\xd0\x3d\xb0\x3d\xaf\x45\xd0\x3d\xb0\x3d\xaf\x45\xd0\x3d\xb0\x3d\xaf'
    b'\x45\xb0\x3d\x8f\x3d\x8f\x3d\x8f\x55\xf1\x45\xd0\x45\xb0\x3d\xb0\x4d\xf1\x4d\xd1\x3d\x8f\x45\xb0\x3d\x8f\x3d\xb0\x3d\xb0\x3d\x8f'
    b'\x45\xb0\x3d\x8f\x3d\xb0\x3d\xb0\x35\x8f\x4d\xd1\x55\xf1\x35\x8f\x4d\xd1\x55\xf1\x35\x8f\x45\xd0\x55\xf1\x3d\x8f\x45\xd0\x56\x12'
    b'\x3d\x8f\x3d\x8f\x45\xd0\x56\x12\x3d\xaf\x3d\xb0\x45\xb0\x56\x12\x3d\x8f\x3d\xb0\x3d\xb0\x3d\x8f\x45\xb0\x3d\x8f\x3d\xb0\x3d\xb0'
    b'\x3d\x8f\x45\xb0\x3d\x8f\x3d\xaf\x56\x12\x45\xb0\x3d\x8f\x56\x12\x45\xb0\x3d\x8f\x56\x12\x45\xd0\x3d\x8f\x56\x12\x45\xd0\x3d\x8f'
    b'\x3d\x8f\x3d\x8f\x3d\x8f\x3d\x8f\x3d\x8f\x3d\x8f\x3d\x8f\x3d\x8f\x3d\x8f\x3d\x8f\x3d\xaf\x45\xb0\x3d\x8f\x3d\x8f\x3d\x8f\x3d\x8f'
    b'\x3d\xb0\x3d\xb0\x3d\x8f\x3d\x8f\x3d\x8f\x3d\x8f\x45\xd0\x4d\xf1\x3d\x8f\x3d\x8f\x45\xd0\x4d\xf1\x3d\x8f\x3d\xaf\x45\xb0\x3d\xaf'
    b'\x45\xb0\x3d\x8f\x3d\xaf\x45\xb0\x3d\x8f\x3d\x8f\x3d\x8f\x3d\x8f\x3d\x8f\x3d\x8f\x3d\x8f\x3d\xaf\x3d\xb0\x3d\xb0\x3d\xb0\x3d\xb0'
    b'\x3d\xb0\x3d\xb0\x3d\xb0\x3d\xaf\x3d\x8f\x3d\xb0\x45\xb0\x3d\x8f\x3d\x8f\x3d\x8f\x3d\x8f\x3d\x8f\x3d\x8f\x3d\x8f\x3d\x8f\x45\xb0'
    b'\x3d\x8f\x3d\xaf\x45\xb0\x3d\x8f\x3d\x8f\x55\xf1\x4d\xf1\x45\xb0\x3d\xaf\x3d\xaf\x3d\xaf\x3d\xaf\x3d\xaf\x3d\xb0\x45\xd0\x4d\xf1'
    b'\x4d\xf1\x3d\x8f\x3d\x8f\x3d\x8f\x3d\xb0\x3d\xb0\x3d\xaf\x45\xd0\x3d\xb0\x3d\xaf\x45\xd0\x3d\xb0\x3d\xaf\x45\xd0\x3d\xb0\x3d\xaf'
    b'\x45\xb0\x3d\x8f\x3d\x8f\x3d\x8f\x56\x12\x4d\xd0\x3d\xb0\x3d\xaf\x55\xf1\x4d\xf1\x3d\x8f\x45\xb0\x3d\x8f\x3d\xb0\x3d\xb0\x3d\x8f'
    b'\x45\xb0\x3d\x8f\x3d\xb0\x3d\xb0\x35\x8f\x4d\xf1\x55\xf1\x35\x8f\x4d\xf1\x56\x12\x35\x8f\x4d\xd0\x56\x12\x35\x8f\x45\xd0\x56\x12'
    b'\x3d\x8f\x3d\x8f\x45\xd0\x45\xb0\x45\xb0\x45\xd0\x45\xb0\x45\xd0\x3d\xb0\x3d\xb0\x3d\xb0\x3d\x8f\x45\xb0\x3d\x8f\x3d\xb0\x3d\xb0'
    b'\x3d\x8f\x45\xb0\x3d\x8f\x45\xb0\x45\xd0\x45\xb0\x45\xb0\x45\xd0\x45\xb0\x3d\xb0\x45\xd0\x45\xb0\x3d\xb0\x45\xd0\x45\xd0\x3d\x8f'
    b'\x3d\x8f\x3d\xaf\x3d\xb0\x3d\xb0\x3d\xb0\x3d\xb0\x3d\xb0\x45\xd0\x3d\xaf\x3d\x8f\x3d\xb0\x3d\xb0\x3d\x8f\x4d\xf1\x4d\xf1\x35\x8f'
    b'\x3d\xb0\x3d\xb0\x3d\x8f\x3d\x8f\x3d\x8f\x3d\x8f\x45\xd0\x4d\xd1\x3d\x8f\x3d\x8f\x45\xd0\x4d\xf1\x3d\x8f\x3d\xaf\x45\xb0\x3d\xaf'
    b'\x45\xb0\x3d\x8f\x3d\xb0\x45\xd0\x3d\x8f\x3d\x8f\x3d\x8f\x3d\xb0\x45\xd0\x45\xb0\x45\xb0\x45\xb0\x45\xb0\x45\xb0\x45\xb0\x45\xb0'
    b'\x45\xb0\x45\xb0\x45\xb0\x45\xb0\x45\xd0\x3d\xb0\x3d\x8f\x3d\xb0\x3d\xb0\x3d\xaf\x4d\xd1\x55\xf1\x3d\xb0\x3d\xb0\x45\xb0\x45\xb0'
    b'\x3d\x8f\x3d\xaf\x45\xb0\x3d\x8f\x3d\x8f\x35\x8f\x35\x8f\x45\xb0\x45\xd0\x45\xd0\x45\xd0\x45\xd0\x45\xd0\x45\xd0\x3d\xb0\x35\x8f'
    b'\x35\x8f\x3d\x8f\x3d\x8f\x3d\x8f\x3d\xb0\x3d\xb0\x3d\xaf\x45\xd0\x3d\xb0\x3d\x8f\x45\xd0\x3d\xb0\x3d\x8f\x45\xd0\x3d\xb0\x3d\x8f'
    b'\x45\xb0\x3d\x8f\x3d\x8f\x3d\xb0\x45\xd0\x45\xb0\x45\xd0\x45\xd0\x45\xb0\x45\xd0\x3d\xaf\x45\xb0\x3d\x8f\x3d\xb0\x3d\xb0\x3d\x8f'
    b'\x45\xb0\x3d\x8f\x3d\xb0\x3d\xb0\x3d\xaf\x45\xd0\x45\xb0\x3d\xb0\x45\xb0\x45\xd0\x3d\xb0\x45\xd0\x45\xd0\x45\xb0\x45\xb0\x45\xb0'
    b'\x3d\x8f\x3d\xaf\x45\xb0\x3d\x8f\x3d\x8f\x3d\x8f\x3d\x8f\x3d\xaf\x45\xb0\x3d\xb0\x3d\xb0\x3d\x8f\x45\xb0\x3d\x8f\x3d\xb0\x3d\xb0'
    b'\x3d\x8f\x45\xb0\x3d\x8f\x45\xb0\x3d\x8f\x45\xb0\x45\xd0\x3d\x8f\x45\xb0\x45\xd0\x3d\x8f\x45\xb0\x45\xd0\x3d\x8f\x45\xb0\x3d\xaf'
    b'\x3d\x8f\x45\xb0\x45\xb0\x3d\xb0\x3d\xb0\x3d\xb0\x45\xb0\x45\xd0\x3d\xaf\x3d\x8f\x45\xb0\x3d\xaf\x3d\x8f\x55\xf1\x4d\xf1\x35\x8f'
    b'\x3d\xb0\x3d\xb0\x3d\x8f\x3d\x8f\x3d\x8f\x3d\x8f\x45\xd0\x4d\xd1\x3d\x8f\x3d\x8f\x45\xd0\x4d\xf1\x3d\x8f\x3d\xaf\x45\xb0\x3d\xaf'
    b'\x45\xb0\x3d\x8f\x3d\xaf\x45\xb0\x3d\x8f\x3d\x8f\x3d\x8f\x3d\xb0\x3d\xb0\x3d\x8f\x3d\x8f\x3d\x8f\x3d\x8f\x3d\x8f\x3d\x8f\x3d\x8f'
    b'\x3d\x8f\x3d\x8f\x3d\x8f\x3d\x8f\x3d\x8f\x3d\x8f\x45\xd0\x3d\xb0\x3d\xb0\x3d\xaf\x4d\xd1\x55\xf1\x3d\xb0\x3d\xb0\x3d\xb0\x3d\xaf'
    b'\x3d\x8f\x3d\xaf\x45\xb0\x3d\x8f\x3d\x8f\x4d\xf1\x4d\xf1\x45\xd0\x3d\xaf\x3d\xb0\x3d\xb0\x3d\xb0\x3d\xb0\x3d\xb0\x45\xd0\x4d\xf1'
    b'\x4d\xf1\x3d\x8f\x3d\x8f\x3d\x8f\x3d\xb0\x45\xd0\x3d\xb0\x45\xd0\x45\xb0\x3d\xb0\x45\xd0\x45\xb0\x3d\xb0\x45\xd0\x45\xb0\x3d\xb0'
    b'\x45\xd0\x3d\x8f\x3d\x8f\x45\xb0\x3d\xaf\x3d\x8f\x3d\x8f\x3d\x8f\x3d\x8f\x45\xb0\x3d\xb0\x45\xb0\x3d\x8f\x3d\xb0\x3d\xb0\x3d\x8f'
    b'\x45\xb0\x3d\x8f\x3d\xb0\x3d\xb0\x3d\xaf\x3d\xb0\x3d\xaf\x45\xd0\x3d\xb0\x3d\xaf\x45\xd0\x3d\xb0\x3d\xaf\x45\xd0\x45\xb0\x3d\x8f'
    b'\x3d\x8f\x3d\xaf\x45\xb0\x3d\x8f\x3d\x8f\x3d\x8f\x3d\x8f\x3d\xaf\x45\xb0\x3d\xb0\x3d\xb0\x3d\x8f\x45\xb0\x3d\x8f\x3d\xb0\x3d\xb0'
    b'\x3d\x8f\x45\xb0\x3d\x8f\x45\xb0\x3d\x8f\x45\xb0\x45\xd0\x3d\x8f\x45\xb0\x45\xd0\x3d\x8f\x45\xb0\x45\xd0\x3d\x8f\x45\xb0\x3d\xaf'
    b'\x3d\x8f\x45\xb0\x3d\x8f\x3d\x8f\x3d\x8f\x3d\x8f\x3d\x8f\x3d\x8f\x3d\x8f\x3d\x8f\x45\xb0\x3d\x8f\x3d\x8f\x3d\xb0\x3d\xaf\x3d\x8f'
    b'\x3d\xaf\x45\xb0\x3d\x8f\x3d\x8f\x3d\x8f\x3d\x8f\x4d\xd0\x4d\xf1\x3d\x8f\x3d\x8f\x45\xd0\x4d\xf1\x3d\x8f\x3d\xaf\x45\xb0\x3d\xaf'
    b'\x45\xb0\x3d\x8f\x3d\xb0\x45\xd0\x3d\x8f\x3d\x8f\x3d\x8f\x3d\xb0\x3d\xb0\x3d\x8f\x3d\x8f\x3d\xaf\x3d\xb0\x3d\xb0\x3d\xb0\x3d\xb0'
    b'\x3d\xb0\x3d\xb0\x3d\xb0\x3d\xb0\x3d\xb0\x45\xd0\x3d\xaf\x3d\x8f\x3d\xaf\x3d\xaf\x3d\xb0\x3d\xb0\x3d\x8f\x3d\x8f\x3d\x8f\x3d\x8f'
    b'\x3d\x8f\x3d\xaf\x45\xb0\x3d\x8f\x3d\x8f\x56\x11\x4d\xf1\x45\xd0\x3d\xaf\x3d\xaf\x3d\xaf\x3d\xaf\x3d\xaf\x3d\xb0\x45\xd0\x55\xf1'
    b'\x4d\xf1\x3d\x8f\x3d\x8f\x3d\x8f\x3d\xaf\x45\xb0\x45\xd0\x3d\xaf\x45\xb0\x45\xd0\x3d\xaf\x45\xb0\x45\xd0\x3d\xaf\x3d\xb0\x45\xd0'
    b'\x3d\xaf\x3d\x8f\x3d\x8f\x45\xb0\x3d\xaf\x3d\x8f\x3d\x8f\x3d\x8f\x3d\x8f\x3d\xb0\x3d\xb0\x45\xb0\x3d\x8f\x3d\xb0\x3d\xb0\x3d\x8f'
    b'\x45\xb0\x3d\x8f\x3d\xb0\x3d\xb0\x3d\xaf\x3d\xb0\x3d\xaf\x45\xd0\x3d\xb0\x3d\xaf\x45\xd0\x3d\xb0\x3d\xaf\x45\xd0\x3d\xb0\x3d\x8f'
    b'\x3d\x8f\x3d\xaf\x45\xb0\x3d\x8f\x3d\x8f\x3d\x8f\x3d\x8f\x3d\xaf\x45\xb0\x3d\xb0\x3d\xb0\x3d\x8f\x45\xb0\x3d\x8f\x3d\xb0\x3d\xb0'
    b'\x3d\x8f\x45\xb0\x3d\x8f\x45\xb0\x3d\x8f\x45\xb0\x45\xd0\x3d\x8f\x45\xb0\x45\xd0\x3d\x8f\x45\xb0\x45\xd0\x3d\x8f\x45\xb0\x3d\xaf'
    b'\x3d\x8f\x45\xb0\x3d\xaf\x3d\x8f\x3d\x8f\x3d\x8f\x3d\x8f\x3d\x8f\x3d\x8f\x3d\xaf\x45\xb0\x3d\x8f\x3d\x8f\x3d\xb0\x3d\xb0\x3d\x8f'
    b'\x3d\x8f\x45\xb0\x3d\xb0\x3d\x8f\x3d\x8f\x3d\x8f\x45\xd0\x4d\xd1\x3d\x8f\x3d\x8f\x45\xd0\x4d\xf1\x3d\x8f\x3d\xaf\x45\xb0\x3d\xaf'
    b'\x45\xb0\x3d\x8f\x3d\xb0\x45\xd0\x3d\x8f\x3d\x8f\x3d\x8f\x3d\xb0\x3d\xb0\x3d\x8f\x3d\x8f\x3d\xb0\x45\xd0\x3d\xb0\x3d\xb0\x3d\xb0'
    b'\x3d\xb0\x3d\xb0\x3d\xb0\x3d\xb0\x3d\xb0\x3d\x8f\x3d\xb0\x45\xd0\x3d\xb0\x3d\xb0\x45\xb0\x45\xd0\x3d\x8f\x3d\x8f\x3d\x8f\x3d\x8f'
    b'\x3d\x8f\x3d\xaf\x45\xb0\x3d\x8f\x3d\x8f\x35\x8f\x35\x8f\x45\xb0\x45\xd0\x45\xd0\x45\xd0\x45\xd0\x45\xd0\x45\xd0\x3d\xb0\x35\x8f'
    b'\x35\x8f\x3d\x8f\x3d\x8f\x3d\x8f\x3d\x8f\x3d\xaf\x3d\xaf\x3d\x8f\x3d\xaf\x3d\xaf\x3d\x8f\x3d\xaf\x3d\xaf\x3d\x8f\x3d\x8f\x3d\xaf'
    b'\x3d\x8f\x3d\x8f\x3d\x8f\x45\xb0\x3d\xaf\x3d\x8f\x3d\x8f\x3d\x8f\x3d\x8f\x3d\xb0\x3d\xb0\x45\xb0\x3d\x8f\x3d\xb0\x3d\xb0\x3d\x8f'
    b'\x45\xb0\x3d\x8f\x3d\xb0\x3d\xb0\x3d\xaf\x3d\xb0\x3d\xaf\x45\xd0\x3d\xb0\x3d\xaf\x45\xd0\x3d\xb0\x3d\xaf\x45\xd0\x3d\xb0\x3d\x8f'
    b'\x3d\x8f\x3d\xaf\x45\xb0\x3d\x8f\x3d\x8f\x3d\x8f\x3d\x8f\x3d\xaf\x45\xb0\x3d\xb0\x3d\xb0\x3d\x8f\x45\xb0\x3d\x8f\x3d\xb0\x3d\xb0'
    b'\x3d\x8f\x45\xb0\x3d\x8f\x45\xb0\x3d\x8f\x45\xb0\x45\xd0\x3d\x8f\x45\xb0\x45\xd0\x3d\x8f\x45\xb0\x45\xd0\x3d\x8f\x45\xb0\x3d\xaf'
    b'\x3d\x8f\x45\xb0\x3d\xaf\x3d\x8f\x3d\x8f\x3d\x8f\x3d\x8f\x3d\x8f\x3d\x8f\x3d\xb0\x3d\xb0\x3d\x8f\x3d\x8f\x3d\xb0\x3d\xb0\x3d\x8f'
    b'\x3d\x8f\x3d\xaf\x45\xb0\x3d\x8f\x3d\x8f\x3d\x8f\x45\xd0\x4d\xd1\x3d\x8f\x3d\x8f\x45\xd0\x4d\xf1\x3d\x8f\x3d\xaf\x45\xb0\x3d\xaf'
    b'\x45\xb0\x3d\x8f\x3d\xaf\x45\xb0\x3d\x8f\x3d\x8f\x3d\x8f\x3d\xb0\x3d\xb0\x3d\x8f\x3d\x8f\x3d\xb0\x3d\xaf\x3d\x8f\x3d\x8f\x3d\x8f'
    b'\x3d\x8f\x3d\x8f\x3d\x8f\x3d\x8f\x3d\x8f\x3d\xb0\x45\xb0\x3d\x8f\x3d\x8f\x3d\x8f\x3d\x8f\x3d\xaf\x3d\x8f\x3d\x8f\x3d\x8f\x3d\x8f'
    b'\x3d\x8f\x3d\xaf\x45\xb0\x3d\x8f\x3d\x8f\x4d\xf1\x4d\xd1\x45\xd0\x3d\xb0\x3d\xb0\x3d\xb0\x3d\xb0\x3d\xb0\x3d\xb0\x45\xd0\x4d\xf1'
    b'\x4d\xf1\x3d\x8f\x3d\x8f\x3d\x8f\x3d\x8f\x3d\x8f\x3d\x8f\x3d\x8f\x3d\x8f\x3d\x8f\x3d\x8f\x3d\x8f\x3d\x8f\x3d\x8f\x3d\x8f\x3d\x8f'
    b'\x3d\x8f\x3d\x8f\x3d\x8f\x45\xb0\x3d\xaf\x3d\x8f\x3d\x8f\x3d\x8f\x3d\x8f\x3d\xb0\x3d\xb0\x45\xb0\x3d\x8f\x3d\xb0\x3d\xb0\x3d\x8f'
    b'\x45\xb0\x3d\x8f\x3d\xb0\x3d\xb0\x3d\xaf\x3d\xb0\x3d\xaf\x45\xd0\x3d\xb0\x3d\xaf\x45\xd0\x3d\xb0\x3d\xaf\x45\xd0\x3d\xb0\x3d\x8f'
    b'\x3d\x8f\x3d\xaf\x45\xd0\x45\xb0\x3d\xb0\x3d\xb0\x45\xb0\x45\xd0\x45\xb0\x3d\xb0\x3d\xb0\x3d\x8f\x45\xb0\x3d\x8f\x3d\xb0\x3d\xb0'
    b'\x3d\x8f\x45\xb0\x3d\x8f\x45\xb0\x3d\x8f\x45\xb0\x45\xd0\x3d\x8f\x45\xb0\x45\xd0\x3d\x8f\x45\xb0\x45\xd0\x3d\x8f\x45\xb0\x3d\xaf'
    b'\x3d\x8f\x45\xb0\x3d\xaf\x3d\x8f\x3d\x8f\x3d\x8f\x3d\x8f\x3d\x8f\x3d\x8f\x3d\xb0\x3d\xaf\x3d\x8f\x3d\x8f\x3d\xb0\x3d\xb0\x3d\x8f'
    b'\x3d\x8f\x3d\x8f\x45\xb0\x45\xb0\x3d\x8f\x3d\x8f\x4d\xd0\x4d\xf1\x3d\x8f\x3d\x8f\x45\xd0\x4d\xf1\x3d\x8f\x3d\xaf\x45\xb0\x3d\xaf'
    b'\x45\xb0\x3d\x8f\x3d\xb0\x45\xd0\x3d\x8f\x3d\x8f\x3d\x8f\x3d\xb0\x3d\xb0\x3d\x8f\x3d\x8f\x3d\xb0\x3d\xb0\x3d\x8f\x3d\x8f\x45\xb0'
    b'\x45\xb0\x45\xb0\x45\xb0\x45\xb0\x45\xb0\x45\xb0\x3d\x8f\x3d\x8f\x3d\x8f\x3d\x8f\x45\xb0\x45\xd0\x3d\x8f\x3d\x8f\x3d\x8f\x3d\x8f'
    b'\x3d\x8f\x3d\xaf\x45\xb0\x3d\x8f\x3d\x8f\x56\x12\x4d\xf1\x45\xd0\x3d\xaf\x3d\xaf\x3d\xaf\x3d\xaf\x3d\xaf\x3d\xaf\x45\xd0\x56\x11'
    b'\x4d\xf1\x3d\x8f\x3d\x8f\x3d\x8f\x3d\x8f\x3d\x8f\x3d\x8f\x3d\x8f\x3d\x8f\x3d\x8f\x3d\x8f\x3d\x8f\x3d\x8f\x3d\x8f\x3d\x8f\x3d\x8f'
    b'\x3d\x8f\x3d\x8f\x3d\x8f\x45\xb0\x45\xd0\x45\xb0\x3d\xb0\x3d\xb0\x45\xb0\x45\xd0\x3d\xb0\x45\xb0\x3d\x8f\x3d\xb0\x3d\xb0\x3d\x8f'
    b'\x45\xb0\x3d\x8f\x3d\xb0\x3d\xb0\x3d\xaf\x3d\xb0\x3d\xaf\x45\xd0\x3d\xb0\x3d\xaf\x45\xd0\x3d\xb0\x3d\xaf\x45\xd0\x3d\xb0\x3d\x8f'
    b'\x3d\x8f\x3d\xaf\x45\xb0\x3d\x8f\x45\xd0\x55\xf1\x3d\xb0\x3d\xaf\x45\xb0\x3d\xb0\x3d\xb0\x3d\x8f\x45\xb0\x3d\x8f\x3d\xb0\x3d\xb0'
    b'\x3d\x8f\x45\xb0\x3d\x8f\x45\xd0\x3d\xaf\x45\xd0\x45\xd0\x3d\xaf\x45\xd0\x45\xd0\x3d\xaf\x45\xd0\x45\xd0\x3d\xaf\x45\xd0\x3d\xaf'
    b'\x3d\x8f\x45\xb0\x3d\xaf\x3d\x8f\x3d\x8f\x3d\x8f\x3d\x8f\x3d\x8f\x3d\x8f\x45\xd0\x3d\xaf\x3d\x8f\x3d\x8f\x3d\xb0\x3d\xb0\x3d\x8f'
    b'\x3d\x8f\x3d\x8f\x45\xb0\x66\x33\x45\xd0\x35\x8f\x4d\xd0\x4d\xf1\x3d\x8f\x3d\x8f\x45\xd0\x4d\xf1\x3d\x8f\x3d\xaf\x45\xb0\x3d\xaf'
    b'\x45\xb0\x3d\x8f\x3d\xaf\x45\xb0\x3d\x8f\x3d\x8f\x3d\x8f\x3d\xb0\x3d\xb0\x3d\x8f\x3d\x8f\x3d\xb0\x3d\xb0\x3d\x8f\x3d\x8f\x45\xd0'
    b'\x3d\x8f\x3d\x8f\x3d\xaf\x3d\xaf\x3d\x8f\x3d\x8f\x3d\x8f\x3d\x8f\x3d\x8f\x3d\x8f\x3d\xb0\x45\xd0\x3d\x8f\x3d\x8f\x3d\x8f\x3d\x8f'
    b'\x3d\x8f\x3d\xaf\x45\xb0\x3d\x8f\x3d\x8f\x35\x8f\x35\x8f\x45\xb0\x45\xd0\x45\xd0\x45\xd0\x45\xd0\x45\xd0\x45\xd0\x3d\xb0\x35\x8f'
    b'\x35\x8f\x3d\x8f\x3d\x8f\x3d\x8f\x3d\xaf\x45\xd0\x45\xb0\x45\xb0\x45\xb0\x45\xb0\x45\xb0\x45\xb0\x45\xb0\x45\xb0\x45\xb0\x45\xd0'
    b'\x3d\xaf\x3d\x8f\x3d\x8f\x45\xb0\x3d\xaf\x3d\xaf\x4d\xf1\x4d\xd1\x3d\x8f\x3d\xb0\x3d\xb0\x45\xb0\x3d\x8f\x3d\xb0\x3d\xb0\x3d\x8f'
    b'\x45\xb0\x3d\x8f\x3d\xb0\x3d\xb0\x3d\xaf\x45\xb0\x3d\xb0\x45\xd0\x45\xb0\x3d\xb0\x45\xd0\x45\xb0\x3d\xb0\x45\xd0\x45\xb0\x3d\xaf'
    b'\x3d\x8f\x3d\xaf\x45\xb0\x3d\x8f\x5e\x32\x66\x53\x4d\xf1\x3d\x8f\x45\xb0\x3d\xb0\x3d\xb0\x3d\x8f\x45\xb0\x3d\x8f\x3d\xb0\x3d\xb0'
    b'\x3d\x8f\x45\xb0\x3d\x8f\x3d\xb0\x45\xd0\x3d\xb0\x3d\xaf\x45\xd0\x3d\xb0\x3d\xaf\x45\xd0\x3d\xb0\x3d\xaf\x45\xd0\x45\xb0\x3d\x8f'
    b'\x3d\x8f\x45\xd0\x45\xb0\x3d\x8f\x3d\x8f\x3d\x8f\x3d\x8f\x3d\x8f\x45\xd0\x5e\x33\x3d\xb0\x3d\x8f\x3d\x8f\x3d\xb0\x3d\xb0\x3d\x8f'
    b'\x3d\x8f\x3d\x8f\x3d\x8f\x45\xd0\x3d\xaf\x3d\x8f\x45\xb0\x45\xd0\x45\xd0\x45\xb0\x45\xd0\x45\xd0\x3d\x8f\x3d\xaf\x45\xb0\x3d\xaf'
    b'\x45\xb0\x3d\x8f\x3d\xb0\x45\xd0\x3d\x8f\x3d\x8f\x3d\x8f\x3d\xb0\x3d\xb0\x3d\x8f\x3d\x8f\x3d\xb0\x3d\xaf\x3d\x8f\x3d\x8f\x45\xb0'
    b'\x3d\x8f\x3d\x8f\x3d\x8f\x3d\x8f\x3d\x8f\x3d\x8f\x3d\x8f\x3d\x8f\x3d\x8f\x3d\x8f\x3d\xaf\x45\xb0\x3d\x8f\x3d\x8f\x3d\x8f\x3d\x8f'
    b'\x3d\x8f\x3d\xaf\x45\xb0\x3d\x8f\x3d\x8f\x4d\xf1\x4d\xd1\x45\xd0\x3d\xb0\x3d\xb0\x3d\xb0\x3d\xb0\x3d\xb0\x3d\xb0\x45\xd0\x4d\xf1'
    b'\x4d\xd1\x3d\x8f\x3d\x8f\x3d\x8f\x3d\xb0\x45\xb0\x3d\x8f\x3d\xaf\x3d\xaf\x3d\xaf\x3d\xaf\x3d\xaf\x3d\xaf\x3d\xaf\x3d\x8f\x45\xd0'
    b'\x3d\xaf\x3d\x8f\x3d\x8f\x45\xb0\x3d\x8f\x45\xd0\x66\x53\x66\x33\x3d\xaf\x3d\xb0\x3d\xb0\x45\xb0\x3d\x8f\x3d\xb0\x3d\xb0\x3d\x8f'
    b'\x45\xb0\x3d\x8f\x3d\xb0\x3d\xb0\x3d\x8f\x45\xd0\x45\xd0\x3d\xaf\x45\xd0\x45\xd0\x3d\xaf\x45\xd0\x45\xd0\x3d\xaf\x45\xb0\x45\xd0'
    b'\x3d\x8f\x3d\xaf\x45\xb0\x3d\x8f\x4d\xf1\x5e\x12\x45\xb0\x3d\x8f\x45\xb0\x3d\xb0\x3d\xb0\x3d\x8f\x45\xb0\x3d\x8f\x3d\xb0\x3d\xb0'
    b'\x3d\x8f\x45\xb0\x3d\x8f\x3d\xb0\x5e\x33\x45\xb0\x3d\x8f\x5e\x33\x45\xd0\x3d\x8f\x5e\x33\x45\xd0\x3d\x8f\x5e\x32\x4d\xd0\x35\x8f'
    b'\x3d\x8f\x3d\xb0\x3d\xaf\x3d\x8f\x3d\x8f\x3d\x8f\x3d\x8f\x3d\x8f\x3d\xaf\x45\xd0\x3d\x8f\x35\x8f\x3d\x8f\x3d\xb0\x3d\xb0\x3d\x8f'
    b'\x3d\x8f\x3d\x8f\x3d\x8f\x3d\x8f\x3d\x8f\x3d\x8f\x3d\x8f\x3d\x8f\x3d\xaf\x3d\xaf\x3d\x8f\x3d\x8f\x3d\x8f\x3d\xaf\x45\xb0\x3d\xaf'
    b'\x45\xb0\x3d\x8f\x3d\xb0\x45\xd0\x3d\x8f\x3d\x8f\x3d\x8f\x45\xd0\x45\xb0\x3d\x8f\x3d\x8f\x45\xd0\x45\xb0\x3d\x8f\x3d\xaf\x45\xd0'
    b'\x3d\xaf\x3d\x8f\x45\xb0\x45\xb0\x3d\x8f\x3d\x8f\x3d\x8f\x3d\x8f\x3d\x8f\x3d\x8f\x3d\xaf\x45\xb0\x3d\x8f\x3d\x8f\x3d\x8f\x3d\x8f'
    b'\x3d\x8f\x3d\xaf\x45\xb0\x3d\x8f\x3d\x8f\x56\x12\x4d\xf1\x45\xd0\x3d\xaf\x3d\xaf\x3d\xaf\x3d\xaf\x3d\xaf\x3d\xb0\x45\xd0\x56\x11'
    b'\x55\xf1\x3d\x8f\x3d\x8f\x3d\x8f\x3d\xb0\x3d\xb0\x3d\x8f\x3d\x8f\x3d\x8f\x3d\x8f\x3d\x8f\x3d\x8f\x3d\x8f\x3d\x8f\x3d\x8f\x45\xb0'
    b'\x3d\xaf\x3d\x8f\x3d\x8f\x45\xb0\x3d\xaf\x3d\xaf\x56\x12\x55\xf1\x3d\x8f\x3d\xb0\x3d\xb0\x45\xb0\x3d\x8f\x3d\xb0\x3d\xb0\x3d\x8f'
    b'\x45\xb0\x3d\x8f\x3d\xb0\x3d\xb0\x35\x8f\x55\xf1\x5e\x12\x35\x8f\x4d\xf1\x5e\x12\x35\x8f\x4d\xf1\x5e\x32\x35\x8f\x4d\xd1\x5e\x33'
    b'\x3d\x8f\x3d\x8f\x45\xd0\x45\xb0\x3d\xb0\x45\xb0\x3d\xb0\x45\xd0\x45\xb0\x45\xb0\x3d\xb0\x3d\xaf\x45\xd0\x3d\x8f\x45\xb0\x45\xb0'
    b'\x3d\x8f\x45\xd0\x3d\xaf\x3d\xaf\x45\xd0\x3d\xaf\x3d\x8f\x45\xd0\x3d\xaf\x3d\x8f\x45\xd0\x3d\xb0\x3d\x8f\x45\xd0\x3d\xb0\x3d\x8f'
    b'\x3d\x8f\x3d\x8f\x3d\x8f\x3d\x8f\x3d\x8f\x3d\x8f\x3d\x8f\x3d\x8f\x3d\x8f\x35\x8f\x3d\xb0\x4d\xf1\x3d\xb0\x45\xb0\x3d\xb0\x3d\x8f'
    b'\x3d\x8f\x3d\x8f\x3d\x8f\x3d\x8f\x3d\x8f\x3d\x8f\x3d\x8f\x3d\x8f\x3d\x8f\x3d\x8f\x3d\x8f\x3d\x8f\x3d\x8f\x3d\xaf\x45\xb0\x3d\xaf'
    b'\x45\xb0\x3d\x8f\x3d\x8f\x3d\x8f\x3d\x8f\x3d\x8f\x3d\xb0\x4d\xf1\x45\xd1\x3d\x8f\x3d\xb0\x4d\xf1\x4d\xf1\x3d\xaf\x45\xd0\x4d\xf1'
    b'\x45\xd0\x3d\xaf\x4d\xf1\x4d\xf1\x45\xb0\x3d\xaf\x3d\xaf\x3d\xaf\x3d\xaf\x3d\xaf\x45\xb0\x45\xb0\x3d\x8f\x3d\x8f\x3d\x8f\x3d\x8f'
    b'\x3d\x8f\x3d\xb0\x45\xd0\x3d\x8f\x3d\x8f\x3d\x8f\x3d\x8f\x3d\xb0\x45\xb0\x45\xb0\x45\xb0\x45\xb0\x45\xb0\x45\xb0\x3d\xb0\x3d\x8f'
    b'\x3d\x8f\x3d\x8f\x3d\x8f\x3d\x8f\x3d\xaf\x45\xd0\x45\xb0\x45\xb0\x45\xb0\x45\xb0\x45\xb0\x45\xb0\x45\xb0\x45\xb0\x45\xb0\x45\xd0'
    b'\x3d\xaf\x3d\x8f\x3d\x8f\x3d\xb0\x45\xd0\x3d\xb0\x45\xb0\x3d\xb0\x45\xb0\x45\xd0\x3d\xb0\x45\xd0\x3d\x8f\x45\xb0\x45\xb0\x3d\x8f'
    b'\x45\xd0\x3d\xaf\x45\xb0\x45\xd0\x3d\x8f\x45\xb0\x45\xd0\x3d\x8f\x45\xb0\x45\xd0\x3d\x8f\x45\xb0\x45\xd0\x3d\x8f\x3d\xb0\x45\xd0'
    b'\x3d\x8f\x3d\x8f\x3d\x8f\x3d\x8f\x3d\xaf\x3d\xaf\x3d\xaf\x3d\xaf\x3d\x8f\x45\xd0\x45\xb0\x3d\xaf\x45\xd0\x3d\xaf\x45\xb0\x45\xb0'
    b'\x3d\xaf\x45\xd0\x3d\xaf\x3d\x8f\x3d\x8f\x3d\x8f\x3d\x8f\x3d\x8f\x3d\x8f\x3d\x8f\x3d\x8f\x3d\x8f\x3d\x8f\x3d\x8f\x3d\x8f\x3d\x8f'
    b'\x3d\x8f\x3d\x8f\x3d\x8f\x3d\x8f\x3d\x8f\x3d\x8f\x3d\x8f\x3d\x8f\x3d\x8f\x3d\x8f\x45\xd0\x5e\x32\x45\xd0\x45\xb0\x3d\xaf\x3d\x8f'
    b'\x3d\x8f\x3d\x8f\x3d\x8f\x3d\x8f\x3d\x8f\x3d\x8f\x3d\x8f\x3d\x8f\x3d\x8f\x3d\x8f\x3d\x8f\x3d\x8f\x3d\x8f\x45\xb0\x45\xd0\x45\xb0'
    b'\x45\xd0\x3d\x8f\x3d\x8f\x3d\x8f\x3d\x8f\x3d\x8f\x3d\xaf\x45\xd0\x45\xd0\x3d\x8f\x3d\xaf\x45\xd0\x45\xd0\x3d\x8f\x3d\xb0\x45\xd0'
    b'\x3d\xb0\x3d\x8f\x45\xd0\x45\xd0\x45\xb0\x45\xb0\x45\xb0\x45\xb0\x45\xb0\x45\xb0\x45\xb0\x3d\xaf\x3d\x8f\x3d\x8f\x3d\x8f\x3d\x8f'
    b'\x3d\x8f\x3d\xb0\x45\xd0\x3d\x8f\x3d\x8f\x3d\x8f\x3d\x8f\x3d\x8f\x3d\x8f\x3d\x8f\x3d\x8f\x3d\x8f\x3d\x8f\x3d\x8f\x3d\x8f\x3d\x8f'
    b'\x3d\x8f\x3d\x8f\x3d\x8f\x3d\x8f\x3d\x8f\x3d\xaf\x3d\xaf\x3d\xaf\x3d\xaf\x3d\xaf\x3d\xaf\x3d\xaf\x3d\xaf\x3d\xaf\x3d\xaf\x3d\x8f'
    b'\x3d\x8f\x3d\x8f\x3d\x8f\x3d\x8f\x3d\x8f\x3d\xaf\x3d\xaf\x3d\xaf\x3d\xaf\x3d\xaf\x3d\xaf\x45\xd0\x3d\xaf\x45\xd0\x45\xb0\x3d\xaf'
    b'\x45\xd0\x3d\xaf\x45\xb0\x45\xd0\x3d\x8f\x3d\x8f\x3d\x8f\x3d\x8f\x3d\x8f\x3d\x8f\x3d\x8f\x3d\x8f\x3d\x8f\x3d\x8f\x3d\x8f\x3d\x8f'
    b'\x3d\x8f\x3d\x8f\x3d\xaf\x3d\xaf\x3d\x8f\x3d\x8f\x3d\x8f\x3d\x8f\x3d\x8f\x3d\x8f\x3d\x8f\x3d\x8f\x3d\x8f\x3d\x8f\x3d\x8f\x3d\x8f'
    b'\x3d\x8f\x3d\x8f\x3d\x8f\x3d\x8f\x3d\x8f\x3d\x8f\x3d\x8f\x3d\x8f\x3d\x8f\x3d\x8f\x3d\x8f\x3d\x8f\x3d\x8f\x3d\x8f\x3d\x8f\x3d\x8f'
    b'\x3d\x8f\x3d\x8f\x3d\x8f\x3d\x8f\x3d\x8f\x3d\x8f\x3d\x8f\x3d\x8f\x3d\x8f\x3d\x8f\x3d\x8f\x3d\x8f\x3d\x8f\x3d\x8f\x3d\x8f\x3d\x8f'
    b'\x3d\x8f\x3d\x8f\x3d\x8f\x3d\x8f\x3d\x8f\x3d\x8f\x3d\x8f\x3d\x8f\x3d\x8f\x3d\x8f\x3d\x8f\x3d\x8f\x3d\x8f\x3d\xaf\x3d\xb0\x3d\xaf'
    b'\x3d\xb0\x3d\x8f\x3d\x8f\x3d\x8f\x3d\x8f\x3d\x8f\x3d\x8f\x3d\x8f\x3d\x8f\x3d\x8f\x3d\x8f\x3d\x8f\x3d\x8f\x3d\x8f\x3d\x8f\x3d\x8f'
    b'\x3d\x8f\x3d\x8f\x3d\x8f\x3d\x8f\x3d\x8f\x3d\x8f\x3d\x8f\x3d\x8f\x3d\x8f\x3d\x8f\x3d\x8f\x3d\x8f\x3d\x8f\x3d\x8f\x3d\x8f\x3d\x8f'
    b'\x3d\x8f\x3d\x8f\x3d\x8f\x3d\x8f\x3d\x8f\x3d\x8f\x3d\x8f\x3d\x8f\x3d\x8f\x3d\x8f\x3d\x8f\x3d\x8f\x3d\x8f\x3d\x8f\x3d\x8f\x3d\x8f'
    b'\x3d\x8f\x3d\x8f\x3d\x8f\x3d\x8f\x3d\x8f\x3d\x8f\x3d\x8f\x3d\x8f\x3d\x8f\x3d\x8f\x3d\x8f\x3d\x8f\x3d\x8f\x3d\x8f\x3d\x8f\x3d\x8f'
    b'\x3d\x8f\x3d\x8f\x3d\x8f\x3d\x8f\x3d\xaf\x3d\x8f\x3d\x8f\x3d\x8f\x3d\x8f\x3d\x8f\x3d\x8f\x3d\x8f\x3d\x8f\x3d\x8f\x3d\x8f\x3d\x8f'
    b'\x3d\x8f\x3d\x8f\x3d\x8f\x3d\x8f\x3d\x8f\x3d\x8f\x3d\x8f\x3d\x8f\x3d\x8f\x3d\x8f\x3d\x8f\x3d\x8f\x3d\x8f\x3d\x8f\x3d\x8f\x3d\x8f'
    b'\x3d\x8f\x3d\xaf\x45\xd0\x45\xd0\x3d\xaf\x3d\x8f\x3d\x8f\x3d\x8f\x3d\xb0\x3d\xb0\x3d\x8f\x3d\x8f\x3d\x8f\x3d\x8f\x3d\x8f\x3d\x8f'
    b'\x3d\x8f\x3d\xaf\x45\xd0\x3d\xaf\x3d\x8f\x3d\x8f\x3d\x8f\x3d\x8f\x3d\x8f\x3d\x8f\x3d\x8f\x3d\x8f\x3d\x8f\x3d\x8f\x3d\x8f\x3d\x8f'
    b'\x3d\x8f\x3d\x8f\x3d\x8f\x3d\x8f\x3d\x8f\x3d\x8f\x3d\x8f\x3d\x8f\x3d\x8f\x3d\x8f\x3d\xaf\x45\xb0\x3d\xaf\x45\xb0\x3d\xaf\x45\xb0'
    b'\x3d\xaf\x3d\x8f\x3d\x8f\x3d\x8f\x3d\x8f\x3d\x8f\x3d\x8f\x3d\x8f\x3d\x8f\x3d\x8f\x3d\x8f\x3d\x8f\x3d\x8f\x3d\x8f\x3d\x8f\x3d\x8f'
    b'\x3d\x8f\x45\xb0\x45\xd0\x3d\xb0\x3d\x8f\x3d\x8f\x3d\x8f\x3d\x8f\x3d\x8f\x3d\x8f\x3d\x8f\x3d\x8f\x3d\x8f\x3d\x8f\x3d\x8f\x3d\x8f'
    b'\x3d\x8f\x3d\x8f\x3d\x8f\x3d\x8f\x3d\x8f\x3d\x8f\x3d\x8f\x3d\x8f\x3d\x8f\x3d\x8f\x3d\x8f\x3d\x8f\x3d\x8f\x3d\x8f\x3d\x8f\x3d\x8f'
    b'\x3d\x8f\x3d\x8f\x3d\x8f\x3d\x8f\x3d\x8f\x3d\x8f\x3d\x8f\x3d\x8f\x3d\x8f\x3d\x8f\x3d\x8f\x3d\xaf\x3d\xaf\x3d\xaf\x3d\xaf\x3d\xaf'
    b'\x3d\xaf\x3d\xaf\x3d\xaf\x3d\xaf\x3d\xaf\x3d\x8f\x3d\x8f\x3d\x8f\x3d\x8f\x3d\x8f\x3d\x8f\x3d\x8f\x3d\x8f\x3d\x8f\x3d\x8f\x3d\x8f'
    b'\x3d\x8f\x3d\x8f\x3d\x8f\x3d\xb0\x45\xd0\x45\xb0\x3d\x8f\x3d\x8f\x3d\x8f\x3d\x8f\x45\xb0\x3d\x8f\x3d\x8f\x3d\x8f\x3d\x8f\x3d\x8f'
    b'\x3d\x8f\x3d\x8f\x3d\x8f\x45\xb0\x45\xb0\x3d\x8f\x3d\x8f\x3d\x8f\x3d\x8f\x3d\x8f\x3d\x8f\x3d\x8f\x3d\x8f\x3d\x8f\x3d\x8f\x3d\x8f'
    b'\x3d\x8f\x3d\xaf\x3d\xb0\x3d\xb0\x3d\xaf\x3d\x8f\x3d\x8f\x3d\x8f\x45\xd0\x45\xb0\x3d\x8f\x3d\x8f\x3d\x8f\x3d\x8f\x3d\x8f\x3d\x8f'
    b'\x3d\x8f\x3d\xaf\x45\xd0\x3d\xaf\x3d\x8f\x3d\x8f\x35\x8f\x3d\x8f\x3d\x8f\x35\x8f\x3d\x8f\x3d\x8f\x35\x8f\x3d\x8f\x3d\x8f\x35\x8f'
    b'\x3d\x8f\x3d\x8f\x3d\x8f\x3d\x8f\x3d\x8f\x3d\x8f\x3d\x8f\x3d\x8f\x3d\x8f\x3d\x8f\x3d\xaf\x45\xd0\x3d\xb0\x45\xd0\x3d\xb0\x45\xd0'
    b'\x3d\xaf\x3d\x8f\x3d\x8f\x3d\x8f\x3d\x8f\x3d\x8f\x3d\x8f\x3d\x8f\x3d\x8f\x3d\x8f\x3d\x8f\x3d\x8f\x3d\x8f\x3d\x8f\x3d\x8f\x3d\x8f'
    b'\x3d\xaf\x45\xb0\x3d\xaf\x45\xb0\x3d\x8f\x3d\x8f\x3d\x8f\x3d\x8f\x3d\x8f\x3d\x8f\x3d\x8f\x3d\x8f\x3d\x8f\x3d\x8f\x3d\x8f\x3d\x8f'
    b'\x3d\x8f\x3d\x8f\x3d\x8f\x3d\x8f\x3d\x8f\x3d\x8f\x3d\x8f\x3d\x8f\x3d\x8f\x3d\x8f\x45\xb0\x45\xd0\x3d\x8f\x3d\x8f\x3d\x8f\x3d\x8f'
    b'\x3d\x8f\x3d\x8f\x3d\x8f\x3d\x8f\x3d\x8f\x45\xd0\x45\xb0\x3d\x8f\x3d\x8f\x3d\x8f\x3d\xb0\x45\xd0\x3d\xb0\x3d\xb0\x3d\xb0\x3d\xb0'
    b'\x3d\xb0\x3d\xb0\x3d\xb0\x3d\xb0\x45\xd0\x3d\xb0\x3d\x8f\x3d\x8f\x3d\x8f\x3d\x8f\x3d\x8f\x3d\x8f\x3d\x8f\x3d\x8f\x3d\x8f\x3d\x8f'
    b'\x3d\x8f\x3d\x8f\x3d\x8f\x3d\xb0\x3d\xaf\x45\xb0\x3d\x8f\x3d\x8f\x3d\x8f\x3d\xaf\x45\xd0\x3d\xaf\x3d\x8f\x3d\x8f\x3d\x8f\x3d\x8f'
    b'\x3d\x8f\x3d\x8f\x3d\x8f\x45\xd0\x45\xd0\x3d\x8f\x3d\x8f\x3d\x8f\x35\x8f\x3d\x8f\x3d\x8f\x35\x8f\x3d\x8f\x3d\x8f\x35\x8f\x3d\x8f'
    b'\x3d\xaf\x3d\xb0\x45\xd0\x45\xd0\x3d\xb0\x3d\xaf\x3d\xaf\x3d\x8f\x45\xd0\x45\xb0\x3d\xaf\x3d\xaf\x3d\xaf\x3d\xaf\x3d\xaf\x3d\xaf'
    b'\x3d\xaf\x3d\xaf\x45\xd0\x3d\xaf\x3d\xaf\x3d\xaf\x4d\xf1\x3d\xb0\x3d\xaf\x4d\xf1\x45\xb0\x3d\xaf\x4d\xf1\x45\xb0\x3d\x8f\x4d\xf1'
    b'\x45\xd0\x3d\xaf\x3d\xaf\x3d\xaf\x3d\xaf\x3d\xaf\x3d\xaf\x3d\xaf\x3d\xaf\x3d\xaf\x3d\xaf\x45\xd0\x3d\xaf\x45\xd0\x3d\xaf\x45\xd0'
    b'\x3d\xaf\x3d\xaf\x3d\xaf\x3d\xaf\x3d\xaf\x3d\xaf\x3d\xaf\x3d\xaf\x3d\xaf\x3d\xaf\x3d\xaf\x3d\xaf\x3d\xaf\x3d\xaf\x3d\xaf\x3d\xaf'
    b'\x3d\xb0\x45\xd0\x3d\xaf\x45\xd0\x3d\xaf\x3d\xaf\x3d\xaf\x3d\xaf\x3d\xaf\x3d\xaf\x3d\xaf\x3d\xaf\x3d\xaf\x3d\xaf\x3d\xaf\x3d\xaf'
    b'\x3d\xaf\x3d\xaf\x3d\xaf\x3d\xaf\x45\xd1\x3d\xb0\x3d\xaf\x3d\xaf\x3d\xaf\x3d\xb0\x45\xd0\x3d\xb0\x3d\xaf\x3d\xaf\x3d\xaf\x3d\xaf'
    b'\x3d\xaf\x3d\xaf\x3d\xaf\x3d\xaf\x3d\xaf\x45\xd0\x45\xd0\x3d\x8f\x3d\xaf\x3d\x8f\x45\xb0\x45\xb0\x3d\xaf\x3d\xaf\x3d\xaf\x3d\xaf'
    b'\x3d\xaf\x3d\xaf\x3d\xaf\x3d\xaf\x45\xb0\x45\xb0\x3d\x8f\x3d\xaf\x3d\xaf\x3d\xaf\x3d\xaf\x3d\xaf\x3d\xaf\x3d\xaf\x3d\xaf\x3d\xaf'
    b'\x3d\xaf\x3d\xaf\x3d\x8f\x45\xd0\x45\xd0\x45\xd0\x3d\xaf\x3d\xaf\x3d\xaf\x3d\xb0\x45\xd0\x3d\xaf\x3d\xaf\x3d\xaf\x3d\xaf\x3d\xaf'
    b'\x3d\xaf\x3d\xaf\x3d\x8f\x3d\xb0\x45\xd0\x3d\xaf\x3d\xaf\x45\xd0\x4d\xf1\x3d\x8f\x45\xd0\x4d\xf1\x3d\x8f\x45\xd0\x4d\xf1\x3d\xaf'
    b'\x35\x4e\x35\x4e\x3d\x6f\x3d\x6f\x35\x4e\x35\x4e\x35\x4e\x35\x4e\x3d\x6f\x35\x4f\x35\x4e\x35\x4e\x35\x4e\x35\x4e\x35\x4e\x35\x4e'
    b'\x35\x4e\x35\x4e\x3d\x6f\x35\x4e\x35\x4e\x35\x4e\x4d\xb0\x3d\x6f\x35\x4e\x4d\xb0\x3d\x6f\x35\x4e\x4d\xb0\x3d\x6f\x35\x4e\x4d\xb0'
    b'\x3d\x6f\x35\x4e\x35\x4e\x35\x4e\x35\x4e\x35\x4e\x35\x4e\x35\x4e\x35\x4e\x35\x4e\x35\x4e\x35\x4f\x35\x4e\x3d\x6f\x35\x4e\x35\x4e'
    b'\x35\x4e\x35\x4e\x35\x4e\x35\x4e\x35\x4e\x35\x4e\x35\x4e\x35\x4e\x35\x4e\x35\x4e\x35\x4e\x35\x4e\x35\x4e\x35\x4e\x35\x4e\x35\x4e'
    b'\x35\x4e\x35\x4f\x35\x4e\x3d\x4f\x35\x4e\x35\x4e\x35\x4e\x35\x4e\x35\x4e\x35\x4e\x35\x4e\x35\x4e\x35\x4e\x35\x4e\x35\x4e\x35\x4e'
    b'\x35\x4e\x35\x4e\x35\x4e\x35\x4e\x3d\x6f\x35\x4e\x35\x4e\x35\x4e\x35\x4e\x3d\x6f\x35\x4e\x35\x4e\x35\x4e\x35\x4e\x35\x4e\x35\x4e'
    b'\x35\x4e\x35\x4e\x35\x4e\x35\x4e\x35\x4e\x35\x4e\x35\x4e\x35\x4e\x35\x4e\x35\x4e\x35\x4e\x3d\x6f\x3d\x6f\x3d\x6f\x3d\x6f\x3d\x6f'
    b'\x3d\x6f\x3d\x6f\x3d\x6f\x3d\x6f\x3d\x6f\x35\x4e\x35\x4e\x35\x4e\x35\x4e\x35\x4e\x35\x4e\x35\x4e\x35\x4e\x35\x4e\x35\x4e\x35\x4e'
    b'\x35\x4e\x35\x4e\x35\x4e\x35\x4f\x3d\x6f\x3d\x6f\x35\x4e\x35\x4e\x35\x4e\x35\x4e\x3d\x6f\x35\x4e\x35\x4e\x35\x4e\x35\x4e\x35\x4e'
    b'\x35\x4e\x35\x4e\x35\x4e\x35\x4f\x3d\x6f\x35\x4e\x35\x4e\x45\x8f\x45\x90\x35\x4e\x45\x6f\x4d\xb0\x35\x4e\x3d\x6f\x4d\xb0\x35\x4e'
    b'\x3d\x8f\x3d\x8f\x3d\x8f\x3d\x8f\x3d\x8f\x3d\x8f\x3d\x8f\x3d\x8f\x3d\x8f\x3d\x8f\x3d\x8f\x3d\x8f\x3d\x8f\x3d\x8f\x3d\x8f\x3d\x8f'
    b'\x3d\x8f\x3d\x8f\x3d\x8f\x3d\x8f\x3d\x8f\x3d\x8f\x3d\x8f\x3d\x8f\x3d\x8f\x3d\x8f\x3d\x8f\x3d\x8f\x3d\x8f\x3d\x8f\x3d\x8f\x3d\x8f'
    b'\x3d\x8f\x3d\x8f\x3d\x8f\x3d\x8f\x3d\x8f\x3d\x8f\x3d\x8f\x3d\x8f\x3d\x8f\x3d\x8f\x3d\x8f\x3d\x8f\x3d\x8f\x3d\x8f\x3d\x8f\x3d\x8f'
    b'\x3d\x8f\x3d\x8f\x3d\x8f\x3d\x8f\x3d\x8f\x3d\x8f\x3d\x8f\x3d\x8f\x3d\x8f\x3d\x8f\x3d\x8f\x3d\x8f\x3d\x8f\x3d\x8f\x3d\x8f\x3d\x8f'
    b'\x3d\x8f\x3d\x8f\x3d\x8f\x3d\x8f\x3d\x8f\x3d\x8f\x3d\x8f\x3d\x8f\x3d\x8f\x3d\x8f\x3d\x8f\x3d\x8f\x3d\x8f\x3d\x8f\x3d\x8f\x3d\x8f'
    b'\x3d\x8f\x3d\x8f\x3d\x8f\x3d\x8f\x3d\x8f\x3d\x8f\x3d\x8f\x3d\x8f\x3d\x8f\x3d\x8f\x3d\x8f\x3d\x8f\x3d\x8f\x3d\x8f\x3d\x8f\x3d\x8f'
    b'\x3d\x8f\x3d\x8f\x3d\x8f\x3d\x8f\x3d\x8f\x3d\x8f\x3d\x8f\x3d\x8f\x3d\x8f\x3d\x8f\x3d\x8f\x3d\x8f\x3d\x8f\x3d\x8f\x3d\x8f\x3d\x8f'
    b'\x3d\x8f\x3d\x8f\x3d\x8f\x3d\x8f\x3d\x8f\x3d\x8f\x3d\x8f\x3d\x8f\x3d\x8f\x3d\x8f\x3d\x8f\x3d\x8f\x3d\x8f\x3d\x8f\x3d\x8f\x3d\x8f'
    b'\x3d\x8f\x3d\x8f\x3d\x8f\x3d\x8f\x3d\x8f\x3d\x8f\x3d\x8f\x3d\x8f\x3d\x8f\x3d\x8f\x3d\x8f\x3d\x8f\x3d\x8f\x3d\x8f\x3d\x8f\x3d\x8f'
    b'\x3d\x8f\x3d\x8f\x3d\x8f\x3d\x8f\x3d\x8f\x3d\x8f\x3d\x8f\x3d\x8f\x3d\x8f\x3d\x8f\x3d\x8f\x3d\x8f\x3d\x8f\x3d\x8f\x3d\x8f\x3d\x8f'
    b'\x3d\x8f\x3d\x8f\x3d\x8f\x3d\x8f\x3d\x8f\x3d\x8f\x3d\x8f\x3d\x8f\x3d\x8f\x3d\x8f\x3d\x8f\x3d\x8f\x3d\x8f\x3d\x8f\x3d\x8f\x3d\x8f'
    b'\x3d\x8f\x3d\x8f\x3d\x8f\x3d\x8f\x3d\x8f\x3d\x8f\x3d\x8f\x3d\x8f\x3d\x8f\x3d\x8f\x3d\x8f\x3d\x8f\x3d\x8f\x3d\x8f\x3d\x8f\x3d\x8f'
    b'\x3d\x8f\x3d\x8f\x3d\x8f\x3d\x8f\x3d\x8f\x3d\x8f\x3d\x8f\x3d\x8f\x3d\x8f\x3d\x8f\x3d\x8f\x3d\x8f\x3d\x8f\x3d\x8f\x3d\x8f\x3d\x8f'
    b'\x3d\x8f\x3d\x8f\x3d\x8f\x3d\x8f\x3d\x8f\x3d\x8f\x3d\x8f\x3d\x8f\x3d\x8f\x3d\x8f\x3d\x8f\x3d\x8f\x3d\x8f\x3d\x8f\x3d\x8f\x3d\x8f'
    b'\x3d\x8f\x3d\x8f\x3d\x8f\x3d\x8f\x3d\x8f\x3d\x8f\x3d\x8f\x3d\x8f\x3d\x8f\x3d\x8f\x3d\x8f\x3d\x8f\x3d\x8f\x3d\x8f\x3d\x8f\x3d\x8f'
    b'\x3d\x8f\x3d\x8f\x3d\x8f\x3d\x8f\x3d\x8f\x3d\x8f\x3d\x8f\x3d\x8f\x3d\x8f\x3d\x8f\x3d\x8f\x3d\x8f\x3d\x8f\x3d\x8f\x3d\x8f\x3d\x8f'
    b'\x3d\x8f\x3d\x8f\x3d\x8f\x3d\x8f\x3d\x8f\x3d\x8f\x3d\x8f\x3d\x8f\x3d\x8f\x3d\x8f\x3d\x8f\x3d\x8f\x3d\x8f\x3d\x8f\x3d\x8f\x3d\x8f'
    b'\x3d\x8f\x3d\x8f\x3d\x8f\x3d\x8f\x3d\x8f\x3d\x8f\x3d\x8f\x3d\x8f\x3d\x8f\x3d\x8f\x3d\x8f\x3d\x8f\x3d\x8f\x3d\x8f\x3d\x8f\x3d\x8f'
    b'\x3d\x8f\x3d\x8f\x3d\x8f\x3d\x8f\x3d\x8f\x3d\x8f\x3d\x8f\x3d\x8f\x3d\x8f\x3d\x8f\x3d\x8f\x3d\x8f\x3d\x8f\x3d\x8f\x3d\x8f\x3d\x8f'
    b'\x3d\x8f\x3d\x8f\x3d\x8f\x3d\x8f\x3d\x8f\x3d\x8f\x3d\x8f\x3d\x8f\x3d\x8f\x3d\x8f\x3d\x8f\x3d\x8f\x3d\x8f\x3d\x8f\x3d\x8f\x3d\x8f'
    b'\x3d\x8f\x3d\x8f\x3d\x8f\x3d\x8f\x3d\x8f\x3d\x8f\x3d\x8f\x3d\x8f\x3d\x8f\x3d\x8f\x3d\x8f\x3d\x8f\x3d\x8f\x3d\x8f\x3d\x8f\x3d\x8f'
    b'\x3d\x8f\x3d\x8f\x3d\x8f\x3d\x8f\x3d\x8f\x3d\x8f\x3d\x8f\x3d\x8f\x3d\x8f\x3d\x8f\x3d\x8f\x3d\x8f\x3d\x8f\x3d\x8f\x3d\x8f\x3d\x8f'
    b'\x3d\x8f\x3d\x8f\x3d\x8f\x3d\x8f\x3d\x8f\x3d\x8f\x3d\x8f\x3d\x8f\x3d\x8f\x3d\x8f\x3d\x8f\x3d\x8f\x3d\x8f\x3d\x8f\x3d\x8f\x3d\x8f'
    b'\x3d\x8f\x3d\x8f\x3d\x8f\x3d\x8f\x3d\x8f\x3d\x8f\x3d\x8f\x3d\x8f\x3d\x8f\x3d\x8f\x3d\x8f\x3d\x8f\x3d\x8f\x3d\x8f\x3d\x8f\x3d\x8f'
    b'\x3d\x8f\x3d\x8f\x3d\x8f\x3d\x8f\x3d\x8f\x3d\x8f\x3d\x8f\x3d\x8f\x3d\x8f\x3d\x8f\x3d\x8f\x3d\x8f\x3d\x8f\x3d\x8f\x3d\x8f\x3d\x8f'
    b'\x3d\x8f\x3d\x8f\x3d\x8f\x3d\x8f\x3d\x8f\x3d\x8f\x3d\x8f\x3d\x8f\x3d\x8f\x3d\x8f\x3d\x8f\x3d\x8f\x3d\x8f\x3d\x8f\x3d\x8f\x3d\x8f'
    b'\x3d\x8f\x3d\x8f\x3d\x8f\x3d\x8f\x3d\x8f\x3d\x8f\x3d\x8f\x3d\x8f\x3d\x8f\x3d\x8f\x3d\x8f\x3d\x8f\x3d\x8f\x3d\x8f\x3d\x8f\x3d\x8f'
    b'\x3d\x8f\x3d\x8f\x3d\x8f\x3d\x8f\x3d\x8f\x3d\x8f\x3d\x8f\x3d\x8f\x3d\x8f\x3d\x8f\x3d\x8f\x3d\x8f\x3d\x8f\x3d\x8f\x3d\x8f\x3d\x8f'
    b'\x3d\x8f\x3d\x8f\x3d\x8f\x3d\x8f\x3d\x8f\x3d\x8f\x3d\x8f\x3d\x8f\x3d\x8f\x3d\x8f\x3d\x8f\x3d\x8f\x3d\x8f\x3d\x8f\x3d\x8f\x3d\x8f'
    b'\x3d\x8f\x3d\x8f\x3d\x8f\x3d\x8f\x3d\x8f\x3d\x8f\x3d\x8f\x3d\x8f\x3d\x8f\x3d\x8f\x3d\x8f\x3d\x8f\x3d\x8f\x3d\x8f\x3d\x8f\x3d\x8f'
    b'\x3d\x8f\x3d\x8f\x3d\x8f\x3d\x8f\x3d\x8f\x3d\x8f\x3d\x8f\x3d\x8f\x3d\x8f\x3d\x8f\x3d\x8f\x3d\x8f\x3d\x8f\x3d\x8f\x3d\x8f\x3d\x8f'
    b'\x3d\x8f\x3d\x8f\x3d\x8f\x3d\x8f\x3d\x8f\x3d\x8f\x3d\x8f\x3d\x8f\x3d\x8f\x3d\x8f\x3d\x8f\x3d\x8f\x3d\x8f\x3d\x8f\x3d\x8f\x3d\x8f'
    b'\x3d\x8f\x3d\x8f\x3d\x8f\x3d\x8f\x3d\x8f\x3d\x8f\x3d\x8f\x3d\x8f\x3d\x8f\x3d\x8f\x3d\x8f\x3d\x8f\x3d\x8f\x3d\x8f\x3d\x8f\x3d\x8f'
    b'\x3d\x8f\x3d\x8f\x3d\x8f\x3d\x8f\x3d\x8f\x3d\x8f\x3d\x8f\x3d\x8f\x3d\x8f\x3d\x8f\x3d\x8f\x3d\x8f\x3d\x8f\x3d\x8f\x3d\x8f\x3d\x8f'
    b'\x3d\x8f\x3d\x8f\x3d\x8f\x3d\x8f\x3d\x8f\x3d\x8f\x3d\x8f\x3d\x8f\x3d\x8f\x3d\x8f\x3d\x8f\x3d\x8f\x3d\x8f\x3d\x8f\x3d\x8f\x3d\x8f'
    b'\x3d\x8f\x3d\x8f\x3d\x8f\x3d\x8f\x3d\x8f\x3d\x8f\x3d\x8f\x3d\x8f\x3d\x8f\x3d\x8f\x3d\x8f\x3d\x8f\x3d\x8f\x3d\x8f\x3d\x8f\x3d\x8f'
    b'\x3d\x8f\x3d\x8f\x3d\x8f\x3d\x8f\x3d\x8f\x3d\x8f\x3d\x8f\x3d\x8f\x3d\x8f\x3d\x8f\x3d\x8f\x3d\x8f\x3d\x8f\x3d\x8f\x3d\x8f\x3d\x8f'
    b'\x3d\x8f\x3d\x8f\x3d\x8f\x3d\x8f\x3d\x8f\x3d\x8f\x3d\x8f\x3d\x8f\x3d\x8f\x3d\x8f\x3d\x8f\x3d\x8f\x3d\x8f\x3d\x8f\x3d\x8f\x3d\x8f'
    b'\x3d\x8f\x3d\x8f\x3d\x8f\x3d\x8f\x3d\x8f\x3d\x8f\x3d\x8f\x3d\x8f\x3d\x8f\x3d\x8f\x3d\x8f\x3d\x8f\x3d\x8f\x3d\x8f\x3d\x8f\x3d\x8f'
    b'\x3d\x8f\x3d\x8f\x3d\x8f\x3d\x8f\x3d\x8f\x3d\x8f\x3d\x8f\x3d\x8f\x3d\x8f\x3d\x8f\x3d\x8f\x3d\x8f\x3d\x8f\x3d\x8f\x3d\x8f\x3d\x8f'
    b'\x3d\x8f\x3d\x8f\x3d\x8f\x3d\x8f\x3d\x8f\x3d\x8f\x3d\x8f\x3d\x8f\x3d\x8f\x3d\x8f\x3d\x8f\x3d\x8f\x3d\x8f\x3d\x8f\x3d\x8f\x3d\x8f'
    b'\x3d\x8f\x3d\x8f\x3d\x8f\x3d\x8f\x3d\x8f\x3d\x8f\x3d\x8f\x3d\x8f\x3d\x8f\x3d\x8f\x3d\x8f\x3d\x8f\x3d\x8f\x3d\x8f\x3d\x8f\x3d\x8f'
    b'\x3d\x8f\x3d\x8f\x3d\x8f\x3d\x8f\x3d\x8f\x3d\x8f\x3d\x8f\x3d\x8f\x3d\x8f\x3d\x8f\x3d\x8f\x3d\x8f\x3d\x8f\x3d\x8f\x3d\x8f\x3d\x8f'
    b'\x3d\x8f\x3d\x8f\x3d\x8f\x3d\x8f\x3d\x8f\x3d\x8f\x3d\x8f\x3d\x8f\x3d\x8f\x3d\x8f\x3d\x8f\x3d\x8f\x3d\x8f\x3d\x8f\x3d\x8f\x3d\x8f'
    b'\x3d\x8f\x3d\x8f\x3d\x8f\x3d\x8f\x3d\x8f\x3d\x8f\x3d\x8f\x3d\x8f\x3d\x8f\x3d\x8f\x3d\x8f\x3d\x8f\x3d\x8f\x3d\x8f\x3d\x8f\x3d\x8f'
    b'\x3d\x8f\x3d\x8f\x3d\x8f\x3d\x8f\x3d\x8f\x3d\x8f\x3d\x8f\x3d\x8f\x3d\x8f\x3d\x8f\x3d\x8f\x3d\x8f\x3d\x8f\x3d\x8f\x3d\x8f\x3d\x8f'
    b'\x3d\x8f\x3d\x8f\x3d\x8f\x3d\x8f\x3d\x8f\x3d\x8f\x3d\x8f\x3d\x8f\x3d\x8f\x3d\x8f\x3d\x8f\x3d\x8f\x3d\x8f\x3d\x8f\x3d\x8f\x3d\x8f'
    b'\x3d\x8f\x3d\x8f\x3d\x8f\x3d\x8f\x3d\x8f\x3d\x8f\x3d\x8f\x3d\x8f\x3d\x8f\x3d\x8f\x3d\x8f\x3d\x8f\x3d\x8f\x3d\x8f\x3d\x8f\x3d\x8f'
    b'\x3d\x8f\x3d\x8f\x3d\x8f\x3d\x8f\x3d\x8f\x3d\x8f\x3d\x8f\x3d\x8f\x3d\x8f\x3d\x8f\x3d\x8f\x3d\x8f\x3d\x8f\x3d\x8f\x3d\x8f\x3d\x8f'
    b'\x3d\x8f\x3d\x8f\x3d\x8f\x3d\x8f\x3d\x8f\x3d\x8f\x3d\x8f\x3d\x8f\x3d\x8f\x3d\x8f\x3d\x8f\x3d\x8f\x3d\x8f\x3d\x8f\x3d\x8f\x3d\x8f'
    b'\x3d\x8f\x3d\x8f\x3d\x8f\x3d\x8f\x3d\x8f\x3d\x8f\x3d\x8f\x3d\x8f\x3d\x8f\x3d\x8f\x3d\x8f\x3d\x8f\x3d\x8f\x3d\x8f\x3d\x8f\x3d\x8f'
    b'\x3d\x8f\x3d\x8f\x3d\x8f\x3d\x8f\x3d\x8f\x3d\x8f\x3d\x8f\x3d\x8f\x3d\x8f\x3d\x8f\x3d\x8f\x3d\x8f\x3d\x8f\x3d\x8f\x3d\x8f\x3d\x8f'
    b'\x3d\x8f\x3d\x8f\x3d\x8f\x3d\x8f\x3d\x8f\x3d\x8f\x3d\x8f\x3d\x8f\x3d\x8f\x3d\x8f\x3d\x8f\x3d\x8f\x3d\x8f\x3d\x8f\x3d\x8f\x3d\x8f'
    b'\x3d\x8f\x3d\x8f\x3d\x8f\x3d\x8f\x3d\x8f\x3d\x8f\x3d\x8f\x3d\x8f\x3d\x8f\x3d\x8f\x3d\x8f\x3d\x8f\x3d\x8f\x3d\x8f\x3d\x8f\x3d\x8f'
    b'\x3d\x8f\x3d\x8f\x3d\x8f\x3d\x8f\x3d\x8f\x3d\x8f\x3d\x8f\x3d\x8f\x3d\x8f\x3d\x8f\x3d\x8f\x3d\x8f\x3d\x8f\x3d\x8f\x3d\x8f\x3d\x8f'
    b'\x3d\x8f\x3d\x8f\x3d\x8f\x3d\x8f\x3d\x8f\x3d\x8f\x3d\x8f\x3d\x8f\x3d\x8f\x3d\x8f\x3d\x8f\x3d\x8f\x3d\x8f\x3d\x8f\x3d\x8f\x3d\x8f'
    b'\x3d\x8f\x3d\x8f\x3d\x8f\x3d\x8f\x3d\x8f\x3d\x8f\x3d\x8f\x3d\x8f\x3d\x8f\x3d\x8f\x3d\x8f\x3d\x8f\x3d\x8f\x3d\x8f\x3d\x8f\x3d\x8f'
    b'\x3d\x8f\x3d\x8f\x3d\x8f\x3d\x8f\x3d\x8f\x3d\x8f\x3d\x8f\x3d\x8f\x3d\x8f\x3d\x8f\x3d\x8f\x3d\x8f\x3d\x8f\x3d\x8f\x3d\x8f\x3d\x8f'
    b'\x3d\x8f\x3d\x8f\x3d\x8f\x3d\x8f\x3d\x8f\x3d\x8f\x3d\x8f\x3d\x8f\x3d\x8f\x3d\x8f\x3d\x8f\x3d\x8f\x3d\x8f\x3d\x8f\x3d\x8f\x3d\x8f'
    b'\x3d\x8f\x3d\x8f\x3d\x8f\x3d\x8f\x3d\x8f\x3d\x8f\x3d\x8f\x3d\x8f\x3d\x8f\x3d\x8f\x3d\x8f\x3d\x8f\x3d\x8f\x3d\x8f\x3d\x8f\x3d\x8f'
    b'\x3d\x8f\x3d\x8f\x3d\x8f\x3d\x8f\x3d\x8f\x3d\x8f\x3d\x8f\x3d\x8f\x3d\x8f\x3d\x8f\x3d\x8f\x3d\x8f\x3d\x8f\x3d\x8f\x3d\x8f\x3d\x8f'
    b'\x3d\x8f\x3d\x8f\x3d\x8f\x3d\x8f\x3d\x8f\x3d\x8f\x3d\x8f\x3d\x8f\x3d\x8f\x3d\x8f\x3d\x8f\x3d\x8f\x3d\x8f\x3d\x8f\x3d\x8f\x3d\x8f'
    b'\x3d\x8f\x3d\x8f\x3d\x8f\x3d\x8f\x3d\x8f\x3d\x8f\x3d\x8f\x3d\x8f\x3d\x8f\x3d\x8f\x3d\x8f\x3d\x8f\x3d\x8f\x3d\x8f\x3d\x8f\x3d\x8f'
    b'\x3d\x8f\x3d\x8f\x3d\x8f\x3d\x8f\x3d\x8f\x3d\x8f\x3d\x8f\x3d\x8f\x3d\x8f\x3d\x8f\x3d\x8f\x3d\x8f\x3d\x8f\x3d\x8f\x3d\x8f\x3d\x8f'
    b'\x3d\x8f\x3d\x8f\x3d\x8f\x3d\x8f\x3d\x8f\x3d\x8f\x3d\x8f\x3d\x8f\x3d\x8f\x3d\x8f\x3d\x8f\x3d\x8f\x3d\x8f\x3d\x8f\x3d\x8f\x3d\x8f'
    b'\x3d\x8f\x3d\x8f\x3d\x8f\x3d\x8f\x3d\x8f\x3d\x8f\x3d\x8f\x3d\x8f\x3d\x8f\x3d\x8f\x3d\x8f\x3d\x8f\x3d\x8f\x3d\x8f\x3d\x8f\x3d\x8f'
    b'\x3d\x8f\x3d\x8f\x3d\x8f\x3d\x8f\x3d\x8f\x3d\x8f\x3d\x8f\x3d\x8f\x3d\x8f\x3d\x8f\x3d\x8f\x3d\x8f\x3d\x8f\x3d\x8f\x3d\x8f\x3d\x8f'
    b'\x3d\x8f\x3d\x8f\x3d\x8f\x3d\x8f\x3d\x8f\x3d\x8f\x3d\x8f\x3d\x8f\x3d\x8f\x3d\x8f\x3d\x8f\x3d\x8f\x3d\x8f\x3d\x8f\x3d\x8f\x3d\x8f'
    b'\x3d\x8f\x3d\x8f\x3d\x8f\x3d\x8f\x3d\x8f\x3d\x8f\x3d\x8f\x3d\x8f\x3d\x8f\x3d\x8f\x3d\x8f\x3d\x8f\x3d\x8f\x3d\x8f\x3d\x8f\x3d\x8f'
    b'\x3d\x8f\x3d\x8f\x3d\x8f\x3d\x8f\x3d\x8f\x3d\x8f\x3d\x8f\x3d\x8f\x3d\x8f\x3d\x8f\x3d\x8f\x3d\x8f\x3d\x8f\x3d\x8f\x3d\x8f\x3d\x8f'
    b'\x3d\x8f\x3d\x8f\x3d\x8f\x3d\x8f\x3d\x8f\x3d\x8f\x3d\x8f\x3d\x8f\x3d\x8f\x3d\x8f\x3d\x8f\x3d\x8f\x3d\x8f\x3d\x8f\x3d\x8f\x3d\x8f'
    b'\x3d\x8f\x3d\x8f\x3d\x8f\x3d\x8f\x3d\x8f\x3d\x8f\x3d\x8f\x3d\x8f\x3d\x8f\x3d\x8f\x3d\x8f\x3d\x8f\x3d\x8f\x3d\x8f\x3d\x8f\x3d\x8f'
    b'\x3d\x8f\x3d\x8f\x3d\x8f\x3d\x8f\x3d\x8f\x3d\x8f\x3d\x8f\x3d\x8f\x3d\x8f\x3d\x8f\x3d\x8f\x3d\x8f\x3d\x8f\x3d\x8f\x3d\x8f\x3d\x8f'
    b'\x3d\x8f\x3d\x8f\x3d\x8f\x3d\x8f\x3d\x8f\x3d\x8f\x3d\x8f\x3d\x8f\x3d\x8f\x3d\x8f\x3d\x8f\x3d\x8f\x3d\x8f\x3d\x8f\x3d\x8f\x3d\x8f'
    b'\x3d\x8f\x3d\x8f\x3d\x8f\x3d\x8f\x3d\x8f\x3d\x8f\x3d\x8f\x3d\x8f\x3d\x8f\x3d\x8f\x3d\x8f\x3d\x8f\x3d\x8f\x3d\x8f\x3d\x8f\x3d\x8f'
    b'\x3d\x8f\x3d\x8f\x3d\x8f\x3d\x8f\x3d\x8f\x3d\x8f\x3d\x8f\x3d\x8f\x3d\x8f\x3d\x8f\x3d\x8f\x3d\x8f\x3d\x8f\x3d\x8f\x3d\x8f\x3d\x8f'
    b'\x3d\x8f\x3d\x8f\x3d\x8f\x3d\x8f\x3d\x8f\x3d\x8f\x3d\x8f\x3d\x8f\x3d\x8f\x3d\x8f\x3d\x8f\x3d\x8f\x3d\x8f\x3d\x8f\x3d\x8f\x3d\x8f'
    b'\x3d\x8f\x3d\x8f\x3d\x8f\x3d\x8f\x3d\x8f\x3d\x8f\x3d\x8f\x3d\x8f\x3d\x8f\x3d\x8f\x3d\x8f\x3d\x8f\x3d\x8f\x3d\x8f\x3d\x8f\x3d\x8f'
    b'\x3d\x8f\x3d\x8f\x3d\x8f\x3d\x8f\x3d\x8f\x3d\x8f\x3d\x8f\x3d\x8f\x3d\x8f\x3d\x8f\x3d\x8f\x3d\x8f\x3d\x8f\x3d\x8f\x3d\x8f\x3d\x8f'
    b'\x3d\x8f\x3d\x8f\x3d\x8f\x3d\x8f\x3d\x8f\x3d\x8f\x3d\x8f\x3d\x8f\x3d\x8f\x3d\x8f\x3d\x8f\x3d\x8f\x3d\x8f\x3d\x8f\x3d\x8f\x3d\x8f'
    b'\x3d\x8f\x3d\x8f\x3d\x8f\x3d\x8f\x3d\x8f\x3d\x8f\x3d\x8f\x3d\x8f\x3d\x8f\x3d\x8f\x3d\x8f\x3d\x8f\x3d\x8f\x3d\x8f\x3d\x8f\x3d\x8f'
    b'\x3d\x8f\x3d\x8f\x3d\x8f\x3d\x8f\x3d\x8f\x3d\x8f\x3d\x8f\x3d\x8f\x3d\x8f\x3d\x8f\x3d\x8f\x3d\x8f\x3d\x8f\x3d\x8f\x3d\x8f\x3d\x8f'
    b'\x3d\x8f\x3d\x8f\x3d\x8f\x3d\x8f\x3d\x8f\x3d\x8f\x3d\x8f\x3d\x8f\x3d\x8f\x3d\x8f\x3d\x8f\x3d\x8f\x3d\x8f\x3d\x8f\x3d\x8f\x3d\x8f'
    b'\x3d\x8f\x3d\x8f\x3d\x8f\x3d\x8f\x3d\x8f\x3d\x8f\x3d\x8f\x3d\x8f\x3d\x8f\x3d\x8f\x3d\x8f\x3d\x8f\x3d\x8f\x3d\x8f\x3d\x8f\x3d\x8f'
    b'\x3d\x8f\x3d\x8f\x3d\x8f\x3d\x8f\x3d\x8f\x3d\x8f\x3d\x8f\x3d\x8f\x3d\x8f\x3d\x8f\x3d\x8f\x3d\x8f\x3d\x8f\x3d\x8f\x3d\x8f\x3d\x8f'
    b'\x3d\x8f\x3d\x8f\x3d\x8f\x3d\x8f\x3d\x8f\x3d\x8f\x3d\x8f\x3d\x8f\x3d\x8f\x3d\x8f\x3d\x8f\x3d\x8f\x3d\x8f\x3d\x8f\x3d\x8f\x3d\x8f'
    b'\x3d\x8f\x3d\x8f\x3d\x8f\x3d\x8f\x3d\x8f\x3d\x8f\x3d\x8f\x3d\x8f\x3d\x8f\x3d\x8f\x3d\x8f\x3d\x8f\x3d\x8f\x3d\x8f\x3d\x8f\x3d\x8f'
    b'\x3d\x8f\x3d\x8f\x3d\x8f\x3d\x8f\x3d\x8f\x3d\x8f\x3d\x8f\x3d\x8f\x3d\x8f\x3d\x8f\x3d\x8f\x3d\x8f\x3d\x8f\x3d\x8f\x3d\x8f\x3d\x8f'
    b'\x3d\x8f\x3d\x8f\x3d\x8f\x3d\x8f\x3d\x8f\x3d\x8f\x3d\x8f\x3d\x8f\x3d\x8f\x3d\x8f\x3d\x8f\x3d\x8f\x3d\x8f\x3d\x8f\x3d\x8f\x3d\x8f'
    b'\x3d\x8f\x3d\x8f\x3d\x8f\x3d\x8f\x3d\x8f\x3d\x8f\x3d\x8f\x3d\x8f\x3d\x8f\x3d\x8f\x3d\x8f\x3d\x8f\x3d\x8f\x3d\x8f\x3d\x8f\x3d\x8f'
)
